protocol_type,session_id,ra,rb,alice_response,bob_response,success,timestamp,response_time,attack_flag,nonce_entropy,is_replay,is_random_guess
one-way,401,,6a2c7f76fda5820629629ed40104980e,168556ce9daf36158fbb90568fb3dab29d77ba686c810f287131437097cf75999f4c983baa3543b44c7600bb055d8bea,,True,1760932515.9273818,,False,4.0,False,False
one-way,403,,48bce2cbf13a0cad832cb7e31d2d943a,a77dc20f1b7d35e73b279e10a7809e9c9d1f69dc9138d8438cc3ec7bb39cfefe1c9f5f97c3d874684e789f3d8a0a6ed4,,True,1760932516.0005188,,False,3.875,False,False
one-way,404,,5b39791ba748307d42b0f7301097e1c6,65d2cbbbc8defd99026dbbdb874c464cf8f587198502f2b99687207c9eb875ed3e7dbf6834af1880c8ab2f58ce61c506,,True,1760932516.026339,,False,3.875,False,False
one-way,405,,c0534857f19bb3640f022dedc74ba665,3ea17018e074e5cb5d99325097bb98bfe7b2e633c423fc1680eb0f449121038c9c14f39492f2dc3320107f8044afaa44,,True,1760932516.0523984,,True,4.0,False,True
one-way,409,,abd39c2ada786a7ba603cdae839a4c3d,4f5cdddbb3550d593a7c8bd8459f7c678f94b45ec63dea53c94e9c535e03a550ddcd9d21ff7f64081807f2daa87152ec,,True,1760932516.2166677,,False,4.0,False,False
one-way,410,,63a75f0c75128609bf2389761e56ee0d,010db574986d363a9a2af38dc00be58852b754ee40b7021f85dad93d3cebff658b5362f601c06036c6e77bc72729c7c7,,True,1760932516.2433636,,False,4.0,False,False
one-way,413,,010e7cbcedf3f7ce4ed7f82022bd089c,650867b015c5c985dd06ce2f2a7c21b7cce4826906f09b8f9bff6b803e66343d41819d4487cc89acafd9618981fb5c70,,True,1760932516.3625817,,False,4.0,False,False
one-way,414,,775e0c0935797def9cec61bcbcf46727,7f426e0726bcc811145c89ff02b26e93119dbe6220ff7af100897436c26a86f356e4493728ac25dde7efd190dcac3dd3,,True,1760932516.3889973,,False,3.875,False,False
one-way,417,,0512b2751ca17f15b572ba4a2e5ace05,ba71160cc49e9174854e2e2b3dadc7efad875c6a8a2235a7f29331c32c5c30b899c8a0c60c0afeaa82b1f36cc8e720b0,,True,1760932516.5077817,,False,3.875,False,False
one-way,418,,3298e330de7d0c263a7efb9a0a0bb88d,,,False,1760932516.5341144,,True,,True,False
one-way,419,,d963db68c8e470c527b6ecf29986b0d8,9fcf976fdc4840364c2bc6f5ba27e46b354a811bc09647b45cc9ae319a0a6e80041feec7322f5cfcd905772abfacbc23,,True,1760932516.5599816,,False,4.0,False,False
one-way,421,,93fc9a24e7bde62f6f263dc9d89ea769,0df7e897aab3c012acb3cfa6f7641d8c3f790b99f4209e63f5fc5215a05ae5025d6dda3ba9f584caf6c26f629a7e681f,,True,1760932516.6327186,,True,4.0,False,True
one-way,422,,c34eb641cc57c88233cfc70b2e74e20e,4454a64917c7ae57f824d45b2b0b6ef8028575e9de5320aab0667b2924598fc3fe985126cf06161b4d883b267fe7200e,,True,1760932516.6588206,,True,4.0,False,True
one-way,425,,1ea174fe3b7edeee04c44bec92fe9eee,83e0520089220607cae17051ce5b62eb6ecf1f03dd26267b6f0f9b6c65329e551a818e8d949ba02ee9a766982a0f5162,,True,1760932516.7784524,,False,3.75,False,False
one-way,426,,a130fd0786f9e758acada497d1feb1fa,9c540388bf7e2e219f088ab33d9410b7ef6a13f9c968f17d606969a9048d77ca7909df5291a21387df103c8205b8051b,,True,1760932516.804558,,True,4.0,False,True
one-way,428,,aa84c125e732fd1be047e7632a535761,b3914d2ba362f9df69b607b01be7861413bc0f7fabae65758f0583a4f74ac0515accfeeee787649dd01fd88e3bed2688,,True,1760932516.876647,,True,3.875,False,True
one-way,431,,e97773f110b9d1a071f0e49ba1e78d52,4bcdce4d9b21ad605b11ad19d88a003f422b40f1b0c8a42e52fc2d89b0b294f65007a6b6d5a20f473e6441c6ce53d647,,True,1760932516.9957654,,False,4.0,False,False
one-way,432,,136595da11396234bb6b88fd9d64f45f,538004dfcfa70596f155ee5ca57989b285bfbff05d7b8cbf163ee13109e9163e9efcca3943a5559167bc5704453fdaac,,True,1760932517.0216556,,False,4.0,False,False
one-way,436,,bcc09335677e10b3bae776f573d32ed8,f616e8f9d03354d72b26a32ab8518aaba0e40cab05e467cc5426c41b5be37e0a8efa61bafb9eb6b16fe6ab0f8903aca6,,True,1760932517.1845257,,False,4.0,False,False
one-way,441,,fa94d14d5de11cdf8c5753ca957564aa,e59f8d9df9c0df646190bfbad88e1e249dc0745a6b4b8b8bc68b3ac3ef58df1911b44a5ed517296dda4e206c7b78db80,,True,1760932517.3962288,,False,4.0,False,False
one-way,443,,cdd3b838a943e6d21e6f9c21d1282be5,aa45a1203177d6b3053c7f49003153e6e0b10a2fbf558a8161a79e7df7991925dd689ffa34c19fab5315e9bbb5b376be,,True,1760932517.4690683,,False,4.0,False,False
one-way,447,,f293aa2cec23b99bdc716353f6a51370,c34e9e00b4b333267b23fe7cffa7847c81d77628dbfaf99fadbcf0b8af835b72ce490bf1f2ece8a8a1a47276ebb8ab00,,True,1760932517.634134,,False,4.0,False,False
one-way,448,,1e55a0ede560410b5205ba6f60f9fd79,,,False,1760932517.66012,,True,,True,False
one-way,453,,97a4da195e061d4b668408dd9ccda5b5,31e5b50d2b8af387552030aa4527de188ee890db2dfac6eb0ca0f91db8a4f8d5fc8e077adcce3600d3973fa16ba55bc2,,True,1760932517.872719,,False,4.0,False,False
one-way,454,,d9be060d5d2cfd19970d5fb92df570ae,,,False,1760932517.898986,,True,,True,False
one-way,456,,fe3b8ebe13869406f1aa1ef440f44935,230c14c8cc8657916ce6083b4a220389856e0628d71507023fb560fd849cc5e4fa1bc3960afdf521eebf04b6237d6ac1,,True,1760932517.9710565,,True,3.875,False,True
one-way,459,,1ba6f6aba3eb502c991bf644e2735b76,4f443bed6bab646e57673965c07ce4f183b0595122585ab81dad05bf2b054fe9d82698b1cae1efdf42e775cbadbb994a,,True,1760932518.090754,,True,3.75,False,True
one-way,460,,31a2e1fd5ab2dc3baef29d82d683ccca,0fae869cc110d19068f7e4a5518946d663eeba126b026d6752ec7a04b69dc85efb4335987fecdab83780de1eb31f4320,,True,1760932518.1166131,,False,4.0,False,False
one-way,461,,b0e841db88944243ca948361604e82b3,99a6472aab99a7dd4b7a5f51268333ac785f3403a716c4fdacee326eaa43d2d302cf6745b9874354361262227aee1d09,,True,1760932518.1426144,,False,3.875,False,False
one-way,463,,bcb0d77816038d8a43c65ed3561771e5,ace8ad0b1ff3f09c460c8fddcf7f5b3db61f4b4846375bdf17c9ee7e76cedfcf7f7b616ee286ff027a694d01769c7611,,True,1760932518.2156281,,False,4.0,False,False
one-way,469,,15dbdd0c7cfd186bad7a8f9cb1e0c37d,0aaedcc32d2b078eb6b5c1dd1beb3cc37f7bbfcfc747e26fae30b59b87910768278f68c4a65ff617ce7c62df39749f9b,,True,1760932518.4743829,,False,4.0,False,False
one-way,470,,30a6977555de619db2921deb129a4799,c3ccbaaea2734e62d6bf44e2c6b7d2f41db8fa756d05b89aff28b573e2b8cb7b00e508dced3340cdcfb618bbb2a760cf,,True,1760932518.501147,,True,4.0,False,True
one-way,471,,13eaf4d35b3d6f66444e4514d701c329,18603f23a6405b756a9f5e7139b3a3855cdff3c9ff683efd2892ddeb6c51a58b46c956ceb48f2cf902e6cf5ed7c75dd9,,True,1760932518.5276446,,False,4.0,False,False
one-way,472,,a1bd668d338c665949ceeabd7871fabb,7fc792c683ea873426bb5b691842c4f9e1d4148b7dc49693fec3aa570c29655ad70721d94ccb3e768568cf7d764669ed,,True,1760932518.5539005,,False,3.75,False,False
one-way,473,,3d48a8a84b3907a64293bc385917ef98,b95cc695644b4e6f416d421742cdafac9b9ce09ec72b69a1265e0c2d91c34b777781a89224947050997785b0e7934e82,,True,1760932518.5803425,,True,3.875,False,True
one-way,478,,2d9d2da690bd8cd3e92045ff7e42f2a0,7686e0ab7195479318cfd7cf868b0302c0762b14cba5c95f9f4e4eb0f7552b143d9d4d0312faad6c6e8a931a03f4569f,,True,1760932518.7927241,,False,3.875,False,False
one-way,479,,de5b5d56ee870dcf9ff02fc6026cb00d,cbabc867096ebcfdba9933afaa84c389837ce04c8fed8f3bcba55bfa4c1e9d0f2ee3968f732e23c11dff400cab1071e4,,True,1760932518.8187945,,False,3.875,False,False
one-way,480,,4d84a21ebfd67e2d25f2216264aed06c,53a47e01f0d7c1d00b4cb039f4911263eba006b6a32130ef1f0feb7927fbe23022080765245670a7b3d956ab51faa21d,,True,1760932518.8449984,,True,4.0,False,True
one-way,482,,5bf5f2e605314df265d0d5fca7366c62,09fa3b649ecfcfc15b84ef80c9a2f1014d2406a8107eaf3f299a0c744fd9b0252c5e994814426436216316c2e2ed55a3,,True,1760932518.9170916,,False,3.875,False,False
one-way,485,,a72ca1ff1b2b9cee17a17d010a7c97ac,,,False,1760932519.0373259,,True,,True,False
one-way,488,,538804fa030469343782d360f7477c0b,29853f512271ac326c1c0cd48887034dae57d2477cc93e7dc038945fa63093399f840e2e1f6801c31db71a7a4d008135,,True,1760932519.1553,,False,3.875,False,False
one-way,489,,e668215e0b8f3b86aa3a6456c5a3197f,ff911c2a142fa2c088757846cef7c7f4ca92680b5604b743cba44c11310a40e59a12af7ea968dd048860cef1b249df96,,True,1760932519.1817367,,False,4.0,False,False
one-way,490,,e0e00be7b245d5264c842a997859190a,e5be89b487075e1d56532bde164433a0e6b348ebb2c57608882f04e4d6d7480b78c365981ca06498cb3c9a2a01d552b9,,True,1760932519.2076836,,False,3.875,False,False
one-way,493,,81d34bf501ebee91f3d17a1c0fab90de,8c0a9bd10837d640b60974d7c9374869c07ce9f6ded7cce6227fe25a280fe9b1695bcd18fdf64b9f75c7a27e1df52913,,True,1760932519.327002,,False,4.0,False,False
one-way,496,,1c5738189e0d3319e93dc9eb6abad92a,ecd61c8386d1b660631980a8a0aa54ef2a42b06a706068cba494a988b5be66dfe1f2c43c2245a54bbfdff883e07fdc2e,,True,1760932519.4457326,,False,4.0,False,False
one-way,497,,1ba17cb31dc287ac10a24ae0581381d9,52259533f9fd1ecd326d9d9ee73c2cb66208eaa24f52325edef49d5ba1fbd6d1fa1b1eeeccb90d86386be2a3e8a275d6,,True,1760932519.471904,,False,4.0,False,False
one-way,498,,01ca5c840901ee662b32cf41cc8afacb,31f19435efc5f57d31d99834bfc0cc8f3836536720eeccfd0d273872fba19c655b8597fa664a1a4792fb013517a24f6f,,True,1760932519.4980037,,True,3.875,False,True
two-way,1,08bb519bf56f1677eebd147dc0723ee2,2df05cc6f6177e8c1bea1277ccb5fac1,9ce9e3686f5f62d24193c21baa1d5e87f633afb01ff40865ea9726a1d4268ee8d4166e024537be54458ca489c00a7335,56e4a79b36a5c06d05bb25a3201bfbb106fefb3f77ba034de88db4ce2a2d9aca47008cd7ea3b49b5cc2db2ddf3495605b174382d5ffaf32a52d2e79a0eab8f90,True,1760932501.6016853,,False,4.9375,False,False
two-way,2,c7a72b7f4f4851b556b10195bd2e9434,4da2a0a05a4e212b41dcb5962961a912,50376b10e239f4cdbacb2913dacb952f431508cbd4c6f2ba803426ab77b57a0f782127634489515b6e92d2c3fa18f4f2,56453d6c34f110d3fc5ad7cde458e1fcfda7cb6aa015cb6e515b0962c3433b4b431425c7fb3655a6c22c5ce8b64bc460237ad8a69c5df6a05f969bdbbad05bd3,True,1760932501.6487367,,False,4.8125,False,False
two-way,5,3901cb04c8089d8d45f6e69673538c87,52bb949245c58692ebbff896994b3873,3fd8cecef33f14f8938a5ada25c7dd787e4dd0af3049038cdd11ba836b1747620f25ef895378f6884f9e585e2a4fa6d1,ed4b9594f3002ac24d07061f9a7b15c730a5d694bcd9e33e031416cc959689b3c444628adc5495b43a278290228e0220636daf045a48fd365bd85333c7fbec48,True,1760932501.7479312,,True,4.75,False,True
two-way,8,7cdf4131435771009c3275a43011fedb,57f565133619859d890d0df32ac23a85,c9099e3c51e571337be42ea51dab8e4db9e186d17925ae40219a88a45acea3118044bab125444029f4473d7d9d490074,b2bc2f2d81fab06006bf3fac0c9758d6245c973679378d0e4dc32e5210dd27f2450c2c79e1cc556bb2c7960cc174c4cdd5482062248948caf1aaef3665d94bd7,True,1760932501.8481085,,False,4.8125,False,False
two-way,12,3d8b8e67b8fe04b41adf978cada51d3e,4d49e903261f2c88160aec6da02ff8b6,2355faa0a6f184d8131f6dacc6a13892e9020778a5d6b3c8d434315bc60e907f9c8cbd392f0624c5023b934b3ac6e951,b0eaed923f26675996d6b811eecde3bb3a6e8a59783d2a6eaed4a4ba7e3fe36d5a2901b9cd2d7b3237d7e9427ee15191c765d71855b0552bbe6d9f725a92fba6,True,1760932501.973471,,False,5.0,False,False
two-way,13,2fb0fdce55ac79de0e4665342b5ee076,03c54bdfafef49879e98b565d7c041e8,61f10b76e7e3704de2e1c511369751afcfde8b12ec6cb2495ecc8ed6a9202159b9033f54bbd34e1a103c44d6d3bdded5,8880acbbd893d3f9658c04d13f59035d55fb09d707374802ef8fafb1985d57fed9130d562c05f18a2290d23b243fdd95215360c4211bf22dbe06c066375e5478,True,1760932502.019851,,False,4.9375,False,False
two-way,14,d00b78b5af1c8058a497d2538bf0ec79,ca63c0b123fe6f476a2f0804f3328ef1,c99db49dac0400d026391ac36f278153f74c3941ab1de16865911ea0d2ec7681a9d342b88704737ff15827ef7d796100,75042c83d2b7b3b6cf941bf76cb3ebbb600bc7d18f7fffe29385b3f1504138cc1774316a5ee2fee4732d30931d5cbcdd6f9c442c5347e4dbd27a27790a422da8,True,1760932502.0659683,,False,5.0,False,False
two-way,15,15df79b7451d5567a9f9697da1670544,8cd8820ef959f1f7d9dd8f92c0be8744,948683305574c4ef86e56b62cbc04256fe72de6d4eab98db49b91e75b377f8e439adf51f1f790ca4c2c4d6503ada5b8a,299826514ae03798b575f8667172e8d3dc06823b40b98559c64b8762211f719568eda18eca8e8c15dc0f582c06d2204a1869b059720ee329ba8dc43e72927548,True,1760932502.1128197,,False,4.8125,False,False
two-way,16,ba278e2b41554fa3a835937940b33697,6913f537f6c37eaffc726639558804a3,87d26856c0f1c2dee5020be2f0cd671d5d9c495267d7f575ddfc165bb50b950a02c64ec842d6d7af899cf8795731ad88,2209fdc29ffcfdbeb5e29930ecff955aa1438b4266b954fb5fba50a0fd0a14a725670a0fcbaadb0aebad1d9af0337fcfbe0ae5fd2836e63644e97236b6aa9266,True,1760932502.1594322,,False,4.875,False,False
two-way,20,754319567c66bddf892904b97b229cfa,a86ec7d16c2c94a76ef260f26fb84ccd,2b16db6914f7efecb30eb6ec75fcdbc919ee25d9338ab8ed8c10d55cdc042cae67115750b5dd1e7b53309340aa943cb0,05c2ea73a4044e8e7da3f27605e76a0bf31788b2cb3bf1427e739c45546cdedcbc919e2ed05532e9ecd63ef11e7be13c6bc70e16304bc7de3475029c18924c88,True,1760932502.304036,,True,4.875,False,True
two-way,25,3dd841b29d65b35a71881d66f9fd107b,0d608b8f250a22edd5d03408b241a7cc,65e47fd467533ed3d24d7807da8bba266269ff971dbc09e67db6dd68bc5b86e2978c1a67062594e1afb649d3d5606363,e2ce9a8ede5ad245d797fa7408b011c073c56b6e2495fc1772a7eab3dad440cad465686404b2588c54817a46139e0f31d5b1618e82927742a5d34dec8c44b78d,True,1760932502.4755147,,False,4.875,False,False
two-way,30,a1687e50e1ee3975dfb6da8819773cf9,6c3d2613cb241e5b0d6956313d4d0b7e,076caeb9897fe54175c6685491f0ad4e23a0e2b740932df8223e556414f730bbd1b0992db1bc77c28cb64afa6855228b,243e1cf42ae47a89777b7bb113f88af408e5f55b7144d812ca00d84c9b62527d4f37e0b60961cd0cdd90188410cdd2690c403094730a6588c26112ab0b8f658a,True,1760932502.6274505,,False,4.875,False,False
two-way,31,e034fa455ac7ac5be236a8edb6e7ff5e,7553c0beff83b3c7447bf14ff1df8c2d,a7deb4f5146cf428138e13aa58fc3ea15abfbd1453901f15286f3971c3bed0eaf4222a0f4a12fb37b416c17e4f0decb7,68340e9762a4a2646f27a79b9422fcbd7ecbbded1f8fcc80a4fbd3153e94f33ec662cb25d568b833941fd5d8048df8f02aff8c69dba4a0aaae187dc25ebd4e83,True,1760932502.6735597,,False,4.8125,False,False
two-way,32,721867c5b147ae4e2daf65860c084daf,7dc01da713ee907204426fd7734beaba,8cf23c95f766a72b81ac3115e5c4d5f7f4862cfe56c49c5fe611a3bbb4eb93d2577c84b7b137f3c326afa07d907f0d44,aa81839f739baaffa33a97496db28d15669e3dce4a872751da664e6676e02c23257ef176275f77e07d43c52f720afeeabbeda6a0ff23a6c8dafc1e16f249d5cd,True,1760932502.72003,,False,4.875,False,False
two-way,34,c02d4ce9a944d3fb62a63faccac6c79d,90ccabdf51d8f119126947da0d2c1d57,a24877c7040d41bd1b4a71a92790ad65c1cadad33ac3ceebbe7c8e54eb860a1cb4397fa35e8a99e68f872d4bdbe46302,2d4f1de206fe2ed6e305d0068f37de54878f41e4195b1f89b3622d611861af82d1e81cac5fa063d2cfcb84dca5f5ea89ff09ef8058eae9be93242e0cebfbbfb6,True,1760932502.7929335,,False,5.0,False,False
two-way,35,87330545e1ed3037bfa719dd6103681f,484efd96ffeb78533fb542db1f4b7f65,d982fdf3df0172a7a03fd89c4f879f5d2b2c8292a7242c866e0bdf24afe66ff75a47a3db85e8d781279d74ae5db91a91,8d39360ddd372f501c52a36838c2b34ba9605dc6cb1f93660bf679cc30f5603da3b13e744a4dea04f94f25808fe7408abc6beed2e6df3ec95208b808824097a2,True,1760932502.8393302,,False,4.9375,False,False
two-way,40,076f5dcf4ef5a1f6613169ea72e39da4,9ae1094624ec0aee7e8e89478b83f918,ca3a98429f2654678ab42c4ce8fbcb527faae6e2b735e45476d85caf368b65b82c80431fe641291d6aa48bc6b1db68b8,d895792daaef621ce3b2428b19076058b8e001bc02beac8c841cf45a829374f971d3a8bb7fd5f61a4d30045465a50fd95c12a00810ed597c5bf30a357e8184d0,True,1760932503.0107715,,False,5.0,False,False
two-way,41,0c0c7d6ff921e745d507ab55d81ce45f,670b2a5634931ae2fd12c109fff77a0a,562e7c294a6e76cafe9e05998e44a81ee755afd9a3a74c079668239b47209943329bd3c8e277cd0892d52f928c76899c,2c7e39d655f35c9a3ed9883df930a2d8cb41a48b9dee5847fb4165c0aa774a7b45cfd1cef8e485fd64067bdc137e1a63647c2c1817b3cd5bfcd20ec69d04caf1,True,1760932503.0575097,,False,4.9375,False,False
two-way,42,17813ba61e2dde999a3c10c8d27a2474,7098a839060a0409107a83b4eee7117f,3720afab69c49f00e775d035d676f53cee5d5e6e2fc8b4f1aa8789ab644aad8792b49976cdf9c2c9c62ce3d9cd5ec6fe,d2c9147a990800f40ff6d7b5c81f48373f3f47b8fb83b8729c5d92744799593e944926068d55bf23d0775fc1e2e94edd555e1e13072804ce967f7ad0e7b896cc,True,1760932503.1039085,,False,4.875,False,False
two-way,43,e56df1b7dc8ab7a53952c63fcd85f589,11c88a48d71be45387c49e9f1e204030,459bf9b7d984f737baa7c928b075b36bc5c3e8c513992de70a115657179bc7b16c2c70b675798f954942158a819edd31,fb3f1247970db10271241cc3f6cb5edc29ee312de56ca0ac6366c0843c99d9704dcaf29340ddd4822c961fea5f2faa687e43d93cc880bc69e44cf83bb8840598,True,1760932503.1502037,,True,4.875,False,True
two-way,49,55aeedca7a68611124d2833abfe3c259,1c2c9fb07ecdff133087b15a1c95ea37,13759bb74e605c14c7387fb83fcd74698c8512d978ac191747f5e463f64d31336f19b48db27bea2fd9452ea8e3530f22,56172e310276f09ac54fb63a770b2d2d451fc36bb2fbe56801623f1638a7dfd3b52f6998a9ef74d7910e45d8dbb6c559f98bae14f042cfd9095f20b6f451b6d5,True,1760932503.3279014,,False,4.9375,False,False
two-way,51,819077de4a5d0c40643a4bde39de0b79,0b9264abc92341b5cd71e4a43a1d28ce,6b193b6cc135fc996e93b653588241e6529e3f77cf80a6d66522ed1468ad84fba7ce20191e9a4626d90707cfe52b9563,90ee4569ec048c9bbb2e676ad8fb73a8cd662f6c0db3c17390814bfc067e33b8efbcc653ce3c465c4e3ee1f9a755af23ee1a7fa000238396e88d1cd916d0c7ce,True,1760932503.4004264,,False,4.663909765557392,False,False
two-way,52,c3be97ea850cacaad19af91e2ec77e70,41db4559ce10f07a23d0ca6791ab3cdc,3e920bd2ba076518637ab29321e80b41c80ce2cce4ac2e45e6b20d9784ad2903ea9e84a497417e838ec07a5292da3557,51c3f179bb3d1683494d98d20f17c17bcedb1864a3afb22b1b9806ed915dbeb1018b8533856aabb612239c32e10cafdcede5073f31450b8e50a9cb6b3bdd43a4,True,1760932503.4464428,,False,5.0,False,False
two-way,54,f468b910eaf0d1a97be9ddd103f386a1,383b774496decd0623200d4185435e7a,f194d1e88426c9a28e8aba4a1ffe8d540750e72c171472ec331fafc8566c398a65153d3ff6d4b888d9787800a7e8ad7b,d63617b472020f876fa4539287fdc9c8ceab09a8a86a3e11652c79d2bf84bf7a1a0447dddd389fc68d80ac15a0a835d86f1c831823b314a5c7c13d69c1bf043c,True,1760932503.519053,,False,4.9375,False,False
two-way,55,21da3866b7df55ea213a6f58e9eb4ee9,d46248f12ef3fae55d179498f8705ee4,c7aa6cc1da36dbe163a540c281ec9ce48b919a4d3962340ad451b2f866b4cb7e3c07ddae4eaeff143c24495aa1e36ced,dac655704ff82924d24a74e2168c98fc72b2cb01a014b9cd54bf6972fe692711a2f58f34efcb942cdc2eebaea4f0a4c01fdab5ec3833e2ab52d3a63f3ab73ca1,True,1760932503.5655913,,False,4.875,False,False
two-way,57,cb17f9fc0cf5578df7450eed23d246d7,eae8a9ccfbc3a3f31fdb0695f6996582,cdd38396b79ea42362b578df44d278c373fde162bb11b4cc10ffcc5de15f9c0989d8b7c353dacee62a6fab07379ec24e,8f2d2f71a434f6aa5ad1d993ab76dc839c4d3bf7cb15120c42df24cb7259451f896a7fb8bdb2e33a3976718bba8e5fbef0613f38a542257c7e7a782d589d1ad3,True,1760932503.638022,,False,5.0,False,False
two-way,63,6afa2f9057d2fea36653c5d975a42fd3,04eb14dba2083476f20f8429b912c027,afcb0e86f3bd5c38b9ca9ca0d75bbf850813b2e1eef71518d484f3cd568e836af54468b9f3b4b6ad66e56c33a5b6d0cc,cd665725aea977ee71a8340db39ddb436929b96198d0e70313473dc82e8ee4fa4975a4c0a3d1957699651c7c3ba666e65de67bf64dfe6af20b7bc254cc9ad498,True,1760932503.8158689,,True,4.9375,False,True
two-way,65,6b7a2ac687c0e1b6c61017f5e9640f99,e36add2a0b002dafa605a31c2038a7e9,ccd2f3b64feb6b823d9cab76acdf6577115467ad176f5ed228408646c63700ae79ff1a454510e5d74f956d6fd0589e38,1d11625ae739167a650e39cdbe6c89ff16b7f10c2c9bf12bc4a41b27d9d265421ff753c5ffd514f82b9fc83dc0eef7d17771fc1afe2ce0baef0aa79437ee2d38,True,1760932503.9092157,,False,4.8125,False,False
two-way,67,76f316304f30d19ecae1dc46e89cc388,174bb8ed8a124c6718d8cb1b9aea794b,48f3870b2622eb91388db16981b5a48ce732824674b282ca668f168d821f8748d37a22aea7bd69df3740e2f430507f4c,5eceec858d50f43ebb4407812680d76f2b7d24c8658b2897889d6240aaae2a627367073976ca14d7c6d7e0e85999ec588c4f574b61943e0acf1ff5970247f5a4,True,1760932503.981569,,False,4.875,False,False
two-way,68,eaebadb585c9ef59c3d013b11b63a912,cd9039a6f4fe588d9db21c30a176b5c9,4336d5763272deb854284196500a38bd1efe45d7c4c71057bf03b59e3583e510dd0e661e14f7b8ce6e30fa75d5fe3925,44add8a5949e7aaafe0db8393bbf8fb8df752b490ffce7ebc26ba3a512959d16a68bfd93c9d85e6b80522aa3566316b62ef3697bd9b5d19cfe655aca1a14401e,True,1760932504.0274205,,False,4.875,False,False
two-way,69,0609ea703fe69fcb8d3c9c4b81f47fac,51e85c2192a124f14e2b6847771dc558,ae17322f6aa14a932dec085841d1690bac0b6c19bb37496f3f69545ea5175584d904d93979cf96e3b791444e45971b41,a49625477c44a608abe21b990343718aa925f986eb1b3a27c16628b39a6555acd0be7fa1a42af2cd906ba4ee0894e2db79d56ca5bda4d42585d870aff1789580,True,1760932504.0738597,,False,5.0,False,False
two-way,70,6cba52b01f0b39b04a726c9323fbc21b,11dc374bdb7d69acf2ba35deb338cff8,1a00da20e2573822f753cbeda25584e33a86a8bcce82f5aebb7d984934443601a3458a87592216af02145be6e10402f9,f9a5f0c9efa2feea99de1ca5406486f142b2a82d3deaa3bdddeebe415b582b4a9050de7815a715c1061b6b1ebfb17755671a5baafb9bf3496a592cbca36eca80,True,1760932504.1200275,,False,4.8125,False,False
two-way,71,b293c3c13490e504d7a7203464556af6,6ba5a052fd6da939d545e9cf9bc8a1e7,65a8ca8b480fc87d6f0a44ea08fa90f63c1323223c639ef0d312e2f72e4349a656983ab2ca936983b5fd5062b66fc2d9,14fea2d92b762ca4325621ecf2d0f7543cfdc6c13d2ee9de9e453d3227950ba920fbd3afe253f7c69735efc95249038ef906a4f01ad2a7ad52b73a7dfee96605,True,1760932504.1662774,,False,4.9375,False,False
two-way,72,2c485422940c9ac28a53d8259591e75b,a09aa88dd76e6f9008eac5eb8c28db41,dd09268f7be4e2654ecc61c0d6c0ee051b24f90c642064eb7bb2fbd0c3851653daf023a0f4364f7af94fb8e9629f581e,edf87f4d251260fd3c6e56aea2ab6468e784e1b99894feca0a709268411dc12a3644889ab635b8a9a6b01c7bf4d6d45965c4e24412e8834d90a9a9fa3c91a97c,True,1760932504.2124078,,False,4.9375,False,False
two-way,76,0ecb52e7ebbd6618cf9c4a587f48b1ff,01d53ffcb66f566a0a530123672b4c50,d7eeb6c32e2fc3faa93d21972cf7dc62364735d9be42a37e423a0da9db3e7b4e17e0fe5fc07a56babc06689272db9233,2e016b5c8adefad2dece8166fe0e8aa87b6cb74870662445fb7a55eb2d7ae52823085febe79aad61d8543a681f1dc1a1f0488ae468e6383d93f1db1ac971445e,True,1760932504.338881,,False,4.9375,False,False
two-way,77,3845e41877f8ba064d2f6191d36e3562,04817945c1aefaf581c048fef4c9de42,f5e5a0f1d100141c7f188eaec943ef928d2fdb5176f396be0ad7f3dbe752b69c4f6a6bec37481b4484158ca1bd85b907,977a0d8caf6d629bb20f37927e39c527484f10e44349f69d5c78d156a38cd73d79c26f27f498738877f6f11138df30a34f199047ae81c3b0b030177a44238ea4,True,1760932504.3857484,,False,4.875,False,False
two-way,78,6e86fb0d7d20587e7cac15c1ffef9de0,53c9e49d343f0be47dea832f601209a1,37ce9286a7d9a4786d44ddc271f34f1302bc389e632907cc320f485d9dd1d8e4185ce3ecf3f210d05b4a0dfc2481c4cc,5fd4efc5b71666c2ff78b65c6be8e52a28999a007286a84bd80ca00e74f7c9c7a95a553597ac10eb89e102b8d80aec34ba05e67ab04b1e4bc6587e2b4c7a71c3,True,1760932504.4323425,,False,4.8125,False,False
two-way,83,bb1d16ef7f3609e7dbbf79fb6cf936bf,41f3cccfc0ecd41e6589c2773642d047,b8893e25229dd9368059e69e272ab2d55c6e4c4270c2101c19ea11cbc53fe4c8259466caa51361ab600ee9276051336b,7ea6486221be99d3a4ea7ba8ee814ba20778a31e08f85992dd1092a00481016a9626fd127552126a58e97e02dbd51ee8086a00697cab7e599c8a2908f2c7851a,True,1760932504.6044633,,False,4.788909765557392,False,False
two-way,85,0a97b8abeafb076cde10409a2c280f9b,7a51cd2a075a29d171b5a4d3a87777cc,35459e390483372add84b3d8d17c300fc3e50f0a51c858d84dca5866863123d0290941bc08f528109cfe1cf32d3f27f7,a4b6b794ed99dfbbd22a69b4caf8ec7780622e53c916994cef9d1832ebc44a0315894f5f797c93c6374ebebfeae1e63b3a847f97e586114b4327e76870596cb0,True,1760932504.6973517,,False,4.875,False,False
two-way,87,0879c4251c0eebd0d2d7b46e7de8595e,37e6bd74925673ebea2e312875d1f7ca,335aa44fdccdc43346c0f67b11918bcfc6993601885c5b3bcb17c579e91b59d12fd3be3b458f865c04420a7602460689,aa7086e277952a0aa73fc1d1c710adf9d1a40aaf337401f6a1ac4c5d60285762065723fb7e13b670219d664c3ce73203c8fc12a1544bde12190ea748ae02ebb6,True,1760932504.7700799,,False,4.9375,False,False
two-way,91,20f4e93eeaff5b7f89469530890a50d2,acb2f28293e04dd98b458a775116e3d4,2fd2a844b9c3ec0c89d89593a5a7bbe9c289aecb8ca05bf1b0f1456148d9fe6e17d034e2fd028a473961d6d9e81029bb,95c7d43231e2d2c155a69cc8f914b3bf2f48efda14ba4008e79039d6ef715dfbca321f372c56d707d22eac838f4aa58b223460e62a7444325e8cb37cc1c731ff,True,1760932504.8957515,,False,4.9375,False,False
two-way,95,b30a3244bd559b97554bac070aaeb46f,e7fbbf937de08ec2fbd5b56dd74cb133,0d6f0d9f01d787d9df1b0cdc663def5abebb1ed0ed11087bed67b88f4d6cb1989c0d6560a00d6745540a681f06239ad5,6b39d1bb6a8cf02251221153503a278870e1092ecfe311333bbc3efaeba498a95e0b749fc2fd424477d0f9200f0325a4a842c1b7b4013be1452e5cd7443dfaca,True,1760932505.0403852,,False,4.8125,False,False
two-way,97,2c9dd53ecb27783f0c91ca8f19de6974,cd421199d78165ed1307912ac404aaa0,bb258084e731fed1853e852dac64cea3b18301608b42ffd8be4880af49f92dadd31437f241b87a8a34631f339effcc7e,aaeefe8f25b6d22c7e18836347f3e997080f1308d2dee98565633e71bd8b685be8fa5ea9b37e5b646aa66de3d640bdbb480e7c1749eb9c66b3a1f52d39f42b69,True,1760932505.1125114,,False,4.9375,False,False
two-way,98,c12655e96ef63c1078e6b85b184c8752,fdc0a97a6b24af0a96169ba698a1c0d8,686a4881af2e91161f9bacbc4fc92e8e8c3a68a29d276b9bebb1327557da1b5b672777314aa3ce9d83e8cdba810c76a4,69f8d49cf04bf3fdf626b54b9c1433ac93febc8907465ffb8d9e4ad47f826bfb43fcee94759006df57d4d94fafd2d366581d8e77f6f5fdd9e63cdb889b2f2a63,True,1760932505.159022,,False,4.9375,False,False
two-way,100,49b6532364c3caa3d08581c7ac477191,78d93dfccdb58b37cf196a0e177ebfdb,2250212df6021fd4160e85267b74d40feb808756e90ebebacea43ef0f5127f89de8dced0f070775864b18b5dccfd2c50,9ae50e80103808f4bcf1fd70ca7f21a922f556fbc6a1dc408385baa7986498331a1b32aed26c18cd1d0a05cf2c76eee690a3ae0fe9f2bef85a3b1d1af4a296cb,True,1760932505.2519968,,True,5.0,False,True
two-way,102,05bf880d5a5bc41d314972d25292fd6e,362947f172bc9f38714130ce42e5fe3f,7fc8424c9f1423fee6144c7e8ba6c7e27d86e2261fd24f4e552a71c7385b033c36d78949e1ac1e3d8c6979f9f00fcc34,cd538e06ab4f6acf4600d72a70afae448229cb4bf4a411a96fe96fe5b7eea180369e0a4b23f8bec7d9077b1f378e2e10e3d83d7bec822f9121dff74dddd5f1ba,True,1760932505.3417976,,False,4.9375,False,False
two-way,109,40b7fb5e1516077bfdb8ec2eb691d4fd,5bb5da0c5885a16798805a22207907da,e8cbb425d3c9dda824aa5aba9d1230e279cd4b1fbc9726f13582945c9d1f19a6b29b476f5114bdcf6e7e6fb7df9700a3,005238c1139513e7224f1e6ffa6ad9af5ca2783651b6fdb2b83ba431b0943c9496ef032b802981674fb71ee1acf4794a8e1f9b9b21dfc9b1f042c9c4059a0cda,True,1760932505.5469742,,False,4.8125,False,False
two-way,111,d78a3fc5b3b0469d28b1c0ff371f1e32,60bcb72884e66ccb9f196dc6bb2d13bc,9e30df355d9914cc5bb540cc43795d0a5af23865470023024202acf28416479dbf05229261d94bb2647254238ba31dbb,0ea518bdca5af2e7d30b759247d396f5949d0f747e3340239ca734419184ca4e146e2ded074d370c208ace3269ecaa4618eed0d1db088f887c69fef0d21fb23b,True,1760932505.619928,,True,4.875,False,True
two-way,116,dfe82071fd0ddebfec6b927040bd83e2,18fbd69d2dd54b878856a7fe6a867548,6eeb7a43da085a83354c41bd001d10bc3418a43eb0fe0d713d1dbc03c93dd784c287e6b42a1c8d3d720cf3175e2edc30,e12ff368c58157b820c5e3924ad825cd36194ac1887b43bb219a958cc6ef16f28820d152d25b4cee1c158ce08c51579f957b12414de1b1a1f9af75383ff0d388,True,1760932505.7713554,,False,5.0,False,False
two-way,123,43191c4b52cb0d9a7c19fde579289ab2,1cad93141c4a4d7c2097e2f6e36308c7,afd98208a85457b0afa101e1f0df5ced19a8a23b3e0014efb9b31c3acad34235c6b7db29ba0f9d154c699139d6bd8de5,50033b474c89b474a238d0cdb4e9d90953e3b5dfadd21f430aaaf5215852937d77ff9e7371960e3938e609bd7b16eafacb7b96a847f35c963a6e13b9c5902407,True,1760932505.997357,,False,4.663909765557392,False,False
two-way,124,baad9eea8042e8f06a5b9f9cd05c8372,494e40ab10fdeb942e9f4b9e65eac5f0,66967bedab8a4b8658a5d99a734cbb75933d32a5972511a0836494edf23f17c33866c3102e81a6ea2c6096939c80471f,4838066702d638d6e6e5474903e651a224f19f7dc67392962bff66e98125a6852c1780b470d7fc5e99831683660bde6694f3a2e9594fc64600bbfa1b7bc690fe,True,1760932506.0439932,,False,4.75,False,False
two-way,125,a31bf0d04782cc08ddf4d8071bd64bbf,d8cbe866308fc982937cb55abcc67429,21d172ca5c6fd22f6885e9df1e202a96d4b0dcfec3c74932090eaaa7ed676124ddf58b5969b94849bedbe7cfbb837603,07f4315cbc6306366f633b64f19755148e736c0aae62ad58a208a8b3fbc4266cc2069c8cb37ce96732ecc7431a49f236980d62dab385730be61e4c6eb548a0ac,True,1760932506.0906222,,False,4.8125,False,False
two-way,127,befaf763d103c8f84a0f0ec8b906b624,0b14ddee52e5e5ef539c0902bb3c2d5f,5ac441b1d45962aff58e15bd7ebc429ed1be49483c1ad8a3e4b61688102a68df1c5806cf1f47151080cdd38e7dc7a145,74b233573106ee5796fd547072a8c9bd22b57b30bddfad719e2125c57241845e76115b5e98aa3bc57913db60f835dc24c2f2e722a5dce880736c6095ff7aa48f,True,1760932506.16267,,False,4.875,False,False
two-way,131,88bf89882df17fca19f1f40485207b0f,a517677a113049d47d438b10ca351a5a,269f6f65595245ceb12f1682fb305299950747bbf6569c78338316da51127ed98915aeac8e1beb4f398072272f4e38bd,aec21a8ff8c39809adcee527ee1537aa61e73e03ec9caa4b4a5ddc6b167188a7ffe2c498b5ba835d81fa2f4572a9d3005b25a0450607e88561eeb9d3d6a704d5,True,1760932506.2877574,,False,4.8125,False,False
two-way,134,52186de72d620cc1ce86572f256bc3c1,db1b824281febb6ffa1e1ac4ace1817b,46aac09123edd6ec4d82ae7d7e8649755b05be6c27b8db27ee671b14df45646576f41befc8a7788dc18ea0b320c7425a,7edcf961cf87d7498c9c5cf72bfb234d4e3d0b9701666a55e0ed5066a0f3957de7ce57cdbb4464234ee52efa0d352696fe740ec3a8f7cebde7475b132ff95829,True,1760932506.3868773,,False,4.875,False,False
two-way,135,cae61d399cee7181982112ae6f5a3a4f,b4958ecf83601c476625035d5c30bdd6,82e1525c213be5f68641cd2a29d98204357a7a24a79fe2a5d4af5063c52bd950b880461415e4fd57b16c66c1ef6fc1b4,3bc36afbe292b34d8b4ea0487a0f5ab66cd67be604337e88a775e4f5b9e143315de1808f79fd115898c35a63e118c5d877a0c703c0263c9b13da54e2ec0cc929,True,1760932506.433069,,False,5.0,False,False
two-way,136,fd351cd654cf3478d5fb4b095aa9a367,ddcbae0486aae8ec44679c72f6005baf,666463dcffdcc565d68aa1b4c217f3c32d22944fa7f5e62334f4c153bc2bee3dabec12a7fca8f4199bdee5ad6f961b74,3f1fdffe6aff6991853c150e44b452d21ccb1d5d58939a07c32c871d00032472b07876c1feb36ab18e24fdfab1f3d347dff8033f806d765e8cb7a71993bab64e,True,1760932506.4789748,,False,4.9375,False,False
two-way,138,d63266c387851dd3885b055d234c0983,f24757980131bf755e284b61a49d9ac3,932bb3cf1cb5023f14fef404628e1190f243e5e0f7cfdd115fa7e0e0cfed6c00357e2f02a66a0f8d02e264081ebd217b,c04fdf84a70ddd9846ff3400897dab14d8d6de5dad24988f4d78ff5e141906b1a1cc4cd7f7c00f9a40ba801cca65d82cf6437c007637189b82240293ac915718,True,1760932506.550748,,False,4.9375,False,False
two-way,141,6f005887b01863ed7e8d0623d1c2ce0e,ac8b6419257572bfb6e3262d02203aac,843f1651530a9b75d51918e14cddc5b6eb689e5b101384320f8bb3a62d71e849ef46aac35cd74db4d9dd41d1356d0864,8d05d0ccbc8c3e0154a6844c9dd601e063415396182c6d468904205413b951a8b409b3edede123f6e6be3ad57f6e00a5c00612f8d543ecc6ad4c8f79500ba4b1,True,1760932506.6480727,,False,4.9375,False,False
two-way,150,077d580ac3ad562f8c2d42af49932c8a,a21db2c9711f152c136c9cc0ddf726bc,55b86998cbdc180b8e3beeb6b7e4ce390277dd6a441d47c0c5b44b4145a77a9960a28a167db12b7b16315be22bb6d0d0,98126d5db8dbbcf6de880bd97c5d3ec710c4aa8ce13b010880a95a62531fbd60ca01912724b7d110721af908db08b77bc5d73b0c3e3240efe0110a7cd347446f,True,1760932506.9047794,,False,4.9375,False,False
two-way,157,10adcf49327cf9cb78dcbea64e16ed92,98046ef943d9b72df131ac56c03f349d,267677af524ee069e0e439cf27f32bf03c1a1802a9845a35032f7aef7a0226205c3e8a96f790177638bb366f9af313bf,dcd0535d622195192ed8569360b8e9873147a77f2c8aa31baed417fd0f6b6313bff6a494fca159fd7e932f2f2ad282918fd83ecec978310a20906145cfe2ec3c,True,1760932507.1492589,,False,4.9375,False,False
two-way,160,793667e25ffc621b689ffcf148d6ec29,929f6f35e6b2d9d36409915d5878f752,4b8c676f568af7530c9d024a8ab3213e3a806d7ca97cf07d426c8d5dc934a91dcafde7b5dfd8f970229b6912734b1bde,b854003bee269fdbb9be953049e75b17034fd2408da3d4b83e2a7672d1659869d9bcb1ab2558e58d5d953b31e19a951a3d8833ca571e1ce95afe49441b9447f5,True,1760932507.2483594,,False,4.875,False,False
two-way,161,e4ec71ce62f6c386328e39a1be909c38,bbcb35177e480893b308e00dd9187bc4,4b26af175a9f32408764cb61932c664d8c95ae41b02532bf8f61af95e97bf98d36478e0c7b45dd4d578f0318b7f4d675,4f570ce576a318af436b98f0a744bdfc3ab34d2642ff3793c6c5cb5ae56e4ca4e8839a78223ea1f9434cd918fcb3641b482e8bd493f7cbd532c2befd910d6a97,True,1760932507.2945738,,False,4.9375,False,False
two-way,162,bf808df6356cefdabb7700357ba552ec,bf7c72183d246d4f34c43c213bc6dbd9,7435df1f49b07eb14d1b92125e33eb17aa15fc6caf122847c757645c911fc37a3639b3a7fe477319fdd6882a14b63491,1474f3ff3a1e42df1a29f580127ced96852dc88a71851bf1defd0abd3cbd6673e2bba6e99eb89da1bb9ea122319fd3caede27efc14769d948711e23a48e34954,True,1760932507.3410554,,True,4.875,False,True
two-way,163,b288e8045f8289c57b22ac50d0433bca,ec33375092be15ef2b0eabd0203ebb11,f0057d1115ee31004f16e368d9361b2bed32acd7025946da783636e4e92d281de93a929a225c80f3dda170efe8e5a973,1fdc3a09c889d447f73951016a62a0e02b906b6aa708602f04ee1272a7451832f9c9c72f5cb92df83079539af0da92fc8b83e3b472d52efe123422b102c2983d,True,1760932507.3877883,,False,4.875,False,False
two-way,166,c4afe6644078fc7da2ee80ccfb825e99,4e3d6945105068defaca132409030278,febfb7ef2b82766cb458b25042882c6e5267016d0231060b875f31e2693162d5c2890a3590793f468bac0f5e258fcc7b,c0c621e81b0ddeeaf35b73a1fcae03dac92b529233bc9e9ea9c79f096ec9766109b3b7f3e6f8a73753c067a7c156512902a4e3682334e50abc0a992ae956fe25,True,1760932507.487915,,True,4.9375,False,True
two-way,170,544dab8eedb7fcaeb486c7c3e70a4a4a,d61b2bd15a4661fc842b2a223da43eb5,643885a0b11cb5fa42fc7f178436bca0c2e8b8362c4330cf0683d5e028afafbb58f4b1ea22c3bc3f0358f4bb4a9be120,5643c1f33ecdf9a35e6b3fb336ef2b3085217b366d94d656fea4133e2bf9de83699c97832395e029311445a203d5f1720d0ab521ac06b42d8366a96ba8c36c51,True,1760932507.6137102,,False,4.8125,False,False
two-way,171,8abfc141193ab39de7f56a2cd317ed34,e780620c5f9f732f7d0b34db0c03e3f2,cb3c8d0e627255c6bba3456f405b5bd0d4774041e3fc2fc18818ec4006d1764e658385c9b066bfea7c599f81f1a50c4f,1d20d241da1c0f282705dfda91dedcb303c1be085cbf43dfacdecd2d4a6e88b92bf4c556b9b3cfe2a7a3ec0684984bb58585123e8554272c8726835975fee8f6,True,1760932507.659719,,False,4.8125,False,False
two-way,174,d31cb5b7a0a8be8b9edb5d7f97994914,7a9a8a9c27156fdb267a5cb522b28409,4eeabe6e97137ae51716c04b550572f31de958cc1d3771c8784f67bf264297aa026a5914cfef52a97658bf2905b84441,178ac0f0ddca7dbded1e865616823ecbdfc421641f44caa8896ac12fc0a1c5b462b8066e7f6292cf7eb15f75defca89ce9f8eca5a041131bb08b9cab7b6e4024,True,1760932507.7584379,,False,4.8125,False,False
two-way,175,531b37218691a1c66b99aaac3250dec9,4a4447f9dac920bc30881b70a3b42d8e,0e6f4f642ed4f588f8abd364264089cfadc113fabffbcc08bbfc6567635f9cc6a7a7db0f772ccec046671fbe16bf4ebe,cac2e0d84f4660f70b1eba9b76ab6ce07e3c3a6d00587ee418fed5ac18aa4279b8adb17d6b098de1bb72ed526c23e41553989eb64d448627cf01abc9ee3c83f4,True,1760932507.8054318,,False,4.875,False,False
two-way,176,4ce83c1a69e3fcc30c804e7deb3b8881,381322d4a5be1158012595547c0735db,24536798a363b5852ddf454a2f956a4db4f2c7f90dee1af7389124064b603976e372a8c0cf1a750da7a07f9df0189d42,f1cfc26e7c83e8dd2b72edc6cc1ae1d2e489856c35c8181a3ffa2c4bc7fcac727853f157b741e497c3b4684bea19814f6f4db7196c4278fe2c6cdb2a902a1fe4,True,1760932507.8514495,,False,5.0,False,False
two-way,179,f8f52442d0529d7234d6c55702eeec1d,eb10a47092a93720f9cb04dca2b8438c,a9ba557be87ef2703482d3cebfc28deff3026dd277a36379b39b0bb1754485bdfd3186befa10704d6906c4619482db31,eac6386c84a16c7c6f072f059da96039267ac94d780f1eed52e50f95dbc9cbf94449483548435aedd4a075001c79fe36f078a51c9547fc1f6cfc43166163ba6e,True,1760932507.950197,,False,5.0,False,False
two-way,181,98dfb4a0d8bc61711f8922abf562ec99,9dae91588214739f8610db4cb98ac1e6,13c20eff5164e417e2f1a0df3621bb7d8336801578de51f7e2c8278d7a4ee9688e323fb89457ad200b6c3ca1da0600a8,6f2cfb1d353f76e90bbffe7471437d8a41e076023fb4df570fae2d184b49e29ddc15fcfaf21f5fef4eddef98af96a899ddafa522c5bc1f9687a9ab2b70d36c00,True,1760932508.022915,,False,5.0,False,False
two-way,182,040593c0d09075fc341253f4ed65afd3,8eb00078c1cdbb3a04f8f022674eeb92,a2b561a0ac35d58678e5e77b35308bdbd0442387cde745ab0a91c321b803822d047fb0b5f6ed8be04fe9d1ae5f191e70,156c62ac6ba57b6e8c619333531f96da3c68546c5dfd6998ecf4f4baa970f59e3747cb831ed64d53024b247124e8960b706dac1684a405c3a539beebe535ab1c,True,1760932508.0692768,,False,4.9375,False,False
two-way,184,62523c821978f28ad0bbe04ddb14d111,0916bba740a9b1ecf1d4d0138ac6b825,8b463a344e4e60195e6b597f119aaa5083decc99e648d4e455d40293a380069e44f1836ab9e73c96051ee76f4eb3da18,830cde4cacb47980317ce2ca473b898096af17f5372928158b5dac8380661659ce515fa5b9932f62e74c283e03a884802fbd8e0e27ce842fffd4dd8b48e0a45a,True,1760932508.1420043,,False,4.8125,False,False
two-way,185,2ec9ee93497d9a95cc388fade3ab9600,94794587f57ff3534b3446cb32689f1c,9b628262355b3aeb0f3867ca9542f880d76ad520d05e55cb3d2c571348862bd6890aa4887eaf750c968d484024ce075d,e685309368529abd1f57e8e3bbdd36251f656b5e38ac396e17d950788d71a8919f5158723717f85e7d4a9aa46524aa5ad06f563dd5f9ce95cc394648eda4ff0b,True,1760932508.1885798,,False,5.0,False,False
two-way,187,afea6ab072b9c48e63f3e558bc12544a,43332b9935d864e5736460ddc14ad069,6bb2cb847d2c904bc4091e67306d12f55b0ad38e530c09a13d7649373dab6308f40b81b99743452cc999b51d8c61277d,e3a533d5c6cfef9cb09a5e1cbe813b917a0a3cee340c7fc2b1ad5c940b928cc36a675aa29775acec566f50031dd364643e5ca5efb43b6aa9a0bdd884f5112281,True,1760932508.2611415,,False,4.8125,False,False
two-way,188,85fff89c594991aaa8f8437d71b031b2,d91d7c1e354eb29bec1c94fea30fb94e,a4bc9c20346612b81c8389d6746a608e474fc4176d0659cc53a27d436f92fa6b8a1c84336b94676d27cf4184f70f8c3e,8629ef4d14a73ee68a7fb01d806b2ba06ff5828ed4b74156e9a3abefe40f1ba95b6a70988e11d08f96bd127166dc2428bf7b0ca120f56a641006caa3a687bb5b,True,1760932508.307634,,False,4.8125,False,False
two-way,189,a2f4966d78d647a14230eb5e6f2d9e3e,f45671058c06c2f35f394e87a156bc4d,69c197fc1a4dff30e5e446d7b76511b9eff0d398ceffb6bc27c82c051609a105641680d2e5923bba7c65c5c2bed7b9b0,51caf870677a52b64f6ec139fc2f2fa302e9d249987628347657f345de43e62f2556fb8f4b3d657a35859be9902d63c746387146e6d9fc6924cf4c42b72e719a,True,1760932508.3538985,,False,4.8125,False,False
two-way,191,449e2dca70342b57c65a3977a7e6a85e,bdcf083502b044cd16530a87c55ad03a,ad96576c737a4843318bde774d602c77749d57cd8bc6eb10426848c52394940d44f0f7e32e830410ed417963388b535a,0af187d4d88b4c88d9286af91cc31317d0751787009d00fe9b1ebdd5164118d425d4e3e47461fe767b24a7126dd78ad2a261a9c6e9d8843770b155b4793098a1,True,1760932508.4264352,,False,4.875,False,False
two-way,197,3aea12032cd13c563bd49a973114050a,42ae0d22afda32e2d25cbec299df38be,94be46de253badb5c618e157442dc93008fbaf09adfec5c900b8075c7d4202652a572515ab63ab304de44ac235e19d85,b192eb7361013f1026c5f1ed2c234c2f696954d861706400d4e4da75788a1f21f42d19cbfa3aa1e56f45fca9dd6efa6551bd34981a1da97a6d89d57813e0bc10,True,1760932508.624399,,False,4.9375,False,False
two-way,198,6aa5ccf5e02b0685e0357672907a5333,d9c12747405e8da12265e14812168d0e,286bba9ca0b64ffdff21e2c2d6be2af2fdf0bd75c31c89c944d67b8f6436300a53b415afc8b8384519a1558f1f80e424,a48c3aab4f3726936c9c7b3a00cb5598d5cb55b5c66776b3274027628ce6f015286f2f5dcbdeeb4257200f1aa8ac41a6c0a6cf72f24e516a5d2e8a2c0ab91347,True,1760932508.6705432,,False,4.875,False,False
two-way,200,32aa3a92d8f536f9cdc19a3b878ba272,46dd0183eca6cd612c5be930a4729e7e,3e29da366aef6124696b8c4b6297c839188c84691035be8bd6018293f5f0179b94cc6718d190be635c35ab01c05a59bf,269064a82d8df87e05f684568ada2bf67bea5861f240c137ca6dd2656692745aee7b7acf4ee8dfcaa9416910ff4239f03084b83f55c25dafd00efa20dc7aa84e,True,1760932508.7427554,,False,4.875,False,False
two-way,201,0f8b218c824fd07ea84c3c40ca766714,3e33d2ab7369355890175d5ab10d29e4,cb5d6260c72cc78100823ca1dda8574e51544ac6e81079c928dd8a6126404a0466fbeb38d5788945add8b00f3d843089,78c6dda2f949a542779fdc33678e60e09e620812237cb82faf3416b24ff08b5c4f8c9bf444750c2b6db4e03eb26c7f38429a209ff15b8e1f98fe8e33a320b38b,True,1760932508.7948778,,False,5.0,False,False
two-way,207,a50486be2b96bbeb97e94ef72f249d73,ef77ab82872c46ef5f619d510768b1d7,f871ceb387098f572e5367aadf9b2444fe57fd049ef3b93058d661980cca1a3d2b125968d1743e3be455f1ef338f8d74,59803a8d1d63733c94fa02851b6b9386805f107ff533332a0a49e4d52ea8e96f32aecf884f892aa6cda20784922f568eb546cc4588efd49e83affb976b31250d,True,1760932508.9724538,,False,4.875,False,False
two-way,211,6e65c6ceb2a64dcc16ecc7fde4dccba4,63819c665ad50b3fafc7880aaffe0613,bfd7dc304b7cf0738cd6fb401fd960a6e86ba0d42fe610b2e18bf25e8341134e808972c97823993c04c23707b51c7d71,002184e5f9f17083988804cc9ec6089dd28a7d7731e93be6ed6883e0695909d378852e790741e21d95aa46128cd30b20a04a0fd01e442c5c39547b71c3d7b80c,True,1760932509.0979652,,False,4.875,False,False
two-way,214,a92db9be0ee1963aeb204f6e716165bb,5aa2bbcb4d10011fe91f112c2b35bf3f,1fe8f1db4748882275d2fc67a9fedfb28eba3f898d237f7021bfb85a57e0f9791929e02fa2781351743a9fe08598ddbe,d869d0a2928d6bb15bd76b37d918d6648f2c0317f5cb16af6aeec7e4b0ff520e8da573a8e554e50476c2a51ff1d6d89d0f575fc30f15e36f3b688572d7e7edcd,True,1760932509.1973267,,False,4.875,False,False
two-way,216,ad63d45d42356ef6acaccafa7dc11b33,1e2a13f9f0e74f60515dc20bba96bbeb,9baffff0fa6a00078b910dbf0e70108b7d8d8d2cdaa31638a541f6dfb8612ba8e4610f756abe08fa9e1507733733fa51,652ef67df9cc084eb4891e788072aa4d285baf379e73e462ae458c7ce828ac8bc5d2931a3787013f07734c7a97f988607397b0a5a31a76eb0e5779ab3e42c897,True,1760932509.290772,,False,4.875,False,False
two-way,217,c51e7cba657d74e22eaf1cc5585e8f2c,f1a706fbf96fc688d510ef993a53a070,3664cfdc04683f6bd6a0c64d11d0faf41f7f7e6c990871ebc6278b4e6e6e901e61e05d3e4a8bc032e712e119dfe39b9f,88fbeb3b03a531a1b0595539ad49f3d18bb43331c1850246abc7377c281fac5b4b70ca5bdda9e6ee6df5de4ba1ffdc44935b4c0325c30dbe6fef9eb3c1c80e86,True,1760932509.3373833,,False,4.9375,False,False
two-way,220,4d653d0577ceecd596124eda2c795c64,49dbcf8a48050a6ac1df810290949c6c,644db4b49ed0a532e3a2b9f50c721a7fdb8e3454f081618eafb455ae3dd4b425b2f7286819abc4b695eb13ce3313c1cc,712a26abfcc20e48d2406d1bbe737f87ab2405238f0042ac5ae0ca520ae48ce68e0a38c2160feff58149783a7f8fc10cd9a5d119822d28d0e41fb377cce85516,True,1760932509.4570825,,False,4.9375,False,False
two-way,221,a98ac9ccebb14187afbb7a1d56926221,caafbfe708cbdb3f769ca22533b4ea9f,88c11e640601e6d0044f3e0aca6ad83a81b50f843657a4c18f4eda1b805b22d3bd145555655a4a3778cc896bd24af763,acffc3f05bbaa7b5d28e82e1868032c272f9380347bfed33483a89484472f62261b8ef032930a7e12fd407b1374f64a5feca390e2b4cb04213388178b78f595b,True,1760932509.5035691,,False,4.9375,False,False
two-way,225,3e1b803369d5d987f359a2ce30cb476b,053c40d54319d6faf28f991268f61047,4d695493267a8511a80f7f8e6c8fddb65a72ff605f75626e108a9135d9723adbeb04c92206f5f6c139969cdddc46f045,9d53170b5a44d986b4644c305d661a5ae7e24e2c8b727cae8e46e486cc73957a4734c59ae7426b340c5537a85acd374f3fd9905eccc3a9f212a0efe2659d6a5d,True,1760932509.6289296,,False,4.875,False,False
two-way,228,a9dd63ac0e4443b10a4505dece22f4e5,663fb677f2ede110195fc6c7e49dfbae,6988c5facaa9a59f1788202a0c0f960eb25d15087abf198d5660866badf1265af5b4a2275e63f69cac18022a443ab8c4,ed31005b96a15fb2ac1997e5f8212f0a3baf01b4ed94357cb3b3c152b621ff25ef76c549f412f0369dcb2d39d5c7f7e0b864e93b4be3b260f63c09eb43d10b80,True,1760932509.728992,,True,5.0,False,True
two-way,230,6f0f4977b8b0fe587049c1faad7bd2f0,75e10685a1de72e76ce0660061a2046e,b39ef377b9d7e79d092b1e5a88268e866b3aab30940f4cdb343f8ee70041b0c1a5b302af8f029b15f49e0762efbd79f2,7136ca5452f7282d6b30b3feae7d73d300c38f194eebe10e72f97ff64c0bb9612bebbce6fc8692d2e2a5b370a384cdcf84f8da629ecfcce852c56c7606cb097e,True,1760932509.801028,,False,4.9375,False,False
two-way,231,b8e3cac02cbc51863008155120f04ac8,7d4fcf56bc39abcd9ccfd5a965985c3d,c107563979019ec4f4e607863a778c6245b83b5b8fc54b5d8fdc87ce14cb84ba5ccb901936af816cdeb5ffe642de7fb1,05304d56735c20d85097bf01aa8d216c0f37b42489ccd4c2c5510f3202e36d9f5529e88b0d150f27104d720795a6d9349d7d1b887e95d0d06103e513a4be4c86,True,1760932509.847287,,False,4.8125,False,False
two-way,233,cf8313771e10791b8d883a42513c3791,7733f58a66d92369de76864cd243701e,b64156fcd31526e17fc8b3dd6f8c204462f8815f1f5afafcc8ca2422050767c72110dabc954085520c834407fbd8e743,5afb7df90be96abe6fe91f42d288aa65b395facdb4eada9bd6dc1b1fb486556432402bd7ea9ef224669518e8fa46f0832b1520060f1a9f30fddcbda8c9b7b468,True,1760932509.9198253,,False,4.875,False,False
two-way,234,cf5cddf0c07ec8a7bba0ea0f69beef1e,6e03aab84b5755c370ae75ff7bd1ea62,e5da7c7a559ee322b1d288868e11dcaeb06be015cfbc90a4acabeca2a68305cc3ebc54d4f6aa15394838241c9f444b1a,f65d542ef451ff36d94d60e70737a3d52521f8f19f2334d51874f489b241697001406985f3aeeb6b1525a85a96e630e24224db1fb3c3103011afbdb048cccbf4,True,1760932509.9660573,,False,4.9375,False,False
two-way,235,d3ceb6231af1e5fd70687af0e2cb8e48,1719e3c5f74cb91b36fafac5498e5c59,49e2e4c071da0b3bdc0e2e303779346c8b1c8d85f452832d28b61330a27d4f2e9ac338e04107463073f165d1b46d9cb0,aa184db04d86f625ad6d75f62ac7538a9b614c8e3f4b602501e61b132000704c036f1e1b18f86ace4255fdba8c198a2475c83bd8bdbccc7d3c4313d4250d75ae,True,1760932510.0126264,,False,4.8125,False,False
two-way,240,8f8bb07e2a149290ef64a5574fb6b71d,df93ffbe2af4a736e93821e6756a6d74,04411ab87173542a2697d0fcff1d53120aeb351a5cd3242528322cf629bc8a8550ed7b501a828ecf739bdc3f7a12a197,0cc09e3e2898b3ec7d77e1aae1cec58ea2274eb683dbb0ce0fe92a48086d3a8f336c33fa4f20a6af9c9b7597bd5c13fdac3d8736813939db78c5446070426408,True,1760932510.164453,,False,4.9375,False,False
two-way,243,52042e5dbe14b225edfcae89d3c00d2b,07f7dab57fb77979cde74af29c7ff5e9,8c05aa5b9750134a09e7e655050d6f643ff5850d2328d283e6cc7cc979878bba289351a6cb935e6e4966feeb8a0fbe5a,a4307580ced64936739690a9f09951e024ecdf0cf7be986cb0221cdb4162b2d73a630157aed391e8d0d9eda1ec0bd8ac91acd050a4ec924efed835c0503e896f,True,1760932510.2634923,,False,4.875,False,False
two-way,244,d7fd57206bdf7198555218b7857821e9,ecc5842a2bf121c3e1a3922dfc15c030,ead3e8a8d0f5ccd71a76f5fb28b14b0085ca92b02058d4f8a8c58d6aea1c077cd63cc0f2d5cd6c2922dec60d68670e4e,17cda0049855bc8773b063cd69d70ca36107085346074928649ad1d511629059860e5a09ef90b944e5d416454ca7bcd249ec56e7ca5ba619bc6ff03c829904ec,True,1760932510.3100505,,False,4.9375,False,False
two-way,246,7929123b8cda217758f0906e9911bb5e,ee7d3a213112ebe219c605472a1f44fb,e7856e6143dfce92caeeaff4a6dabf71c51a33ba0ddd639be8de7c270bb90532a5fc165372ccaa4659d45f7198f0699b,40ad089744b6da52dcdfbdc5545b2b70bb19e773483c47e519a1327c81c47a2d9fd68ef79159d3cfb45634d6e4c00a825f115b1e5eec55ee55b2c29d4f273b9e,True,1760932510.3827987,,False,4.875,False,False
two-way,253,2648f76e14b0296278e1b4ad1a211c1f,45afab510e59b3d1566822e9ecb02608,a188f52fcbe7adb6959a1a23ae2ef7fc7e7fd7a65b900728db82ce5e091e8bb7cba067d4538c976c3f6390d5cd62b0d9,d11ad6a905b33551fbb6182d818c2878ef2cbf942b50f6f4d3aa45d42a64d157c7f2312094e38d6c3992d79bf2fcfa5d7a866fcc2d8fecd2c231704186e973d3,True,1760932510.6075785,,False,4.875,False,False
two-way,256,7f04797b5ae6f6ab84c690c0b56ac623,997880ceb2135d67e6932570be07e203,6551c54129f8669e46fa5ef14ee36ba04c8ea572bdd486d52f06289cf1bdee13db6c4069df86272b67f26720ed3202bb,920537a7b06d4a100373cf9cb681cf04cb9feff82f0ff4d1e4be54fc84c9261ea4c599f689639f8340b5211d664fed90082ef2290ef937e175644e3789f743e2,True,1760932510.705912,,False,4.875,False,False
two-way,258,d8cbae41400f08ebc6c996722d8d1b99,4f97431a9b738050fa80d2a55d91589a,1139e2f5526d573636112c99abcea656e1cb4e81b82b73d6b87e718715f2d48adf98d8d597516f5fe12f919dccb9bb2a,0d8a4341df59b085d0338771ee8f75fc32a4afd3858273a4e11a77e831dab984b70872b4e0e74d279ca3e6997690518c95a470ba75de3e1693f620f87cb5fa2d,True,1760932510.7781262,,False,4.9375,False,False
two-way,259,866cb1b7ef87e9f20f33c25c024df3ee,2e8c8871a1f01343c58d72ae9a54068f,432a1688876a00c5e540525b1ff174f6779bd4225edb31e7400c4ebf760cc96f9dee34532da26a931b6fac168204f748,31b5ea007b4ae54e260528a89af9de8caf19e7fc1f96a30a172f2655a9bb2c706a2c143a4096b723ca0fad0ba4f1b2373d3545328049ec7c690b36664d90fd47,True,1760932510.8248954,,False,5.0,False,False
two-way,260,e15293fc6b2972c837838ae17c24ff77,4f21a2bf587968254dd77102498fbfea,19269e02c3a03f9fe985c46b2fa2cbb56f4f92ff20ef39dea63e30de26238dea07ce223d1d58c5d2b3bd2b600704719e,5f1c3f874ec211735989ed5c6977580d85cefc291fc80cd64d07ffb2da094ee1f4680705eaf68ebc3a00bd445afa0ee22855ccfa586f0ca54f1fe2135457d9b2,True,1760932510.8710613,,False,4.875,False,False
two-way,262,69fabcc4aee49969d0669aaf913da870,aa7e06f05fe1f12ad9bef6ef3e9ac983,f7d685e96b0a7338700de3bdcf1f15540a81e68334c22505913f053d261e5708111e42b6ea0bdd5b9ee726269a099de9,73ed2bfadb081bcc6aa9f97a734b6d2799fa0ee34dbd9492333f2e68cdde76bb7bf68fd9fe2d240bb8049915554d4abfaec8031488e8ac4ac8a191a99b063c9c,True,1760932510.9441524,,False,4.875,False,False
two-way,265,3bd13b91027abbaa9306988a0eb120cd,243b807f2dda9bc34334696d2b56734b,9e8248bcdc45208cdb1b1cf3e8f36ecc65b268399b466e137463990229f5a688870442cff02c3eefa97495aa44b80f13,34c4e424c09d7212f7c76b43a4ff5c227858b49975263cc94adb358184275ce2460de473644b48debc24b1a1e34906177661080d862f9f830fac03c03121d9b9,True,1760932511.043023,,False,4.851409765557392,False,False
two-way,267,58f8cc19d71fd1a811293bb31754ceb4,5855a67da5409ccc8d38aea30a8dec32,f6b414c80c126b16a8d21902d1e152c93d47e210d856693490ec37099d63b7c17c69b173c2e624ab3af6ed58dfc7370a,7fba3b9860f4cd91de57f4bf82621c1acf3cd7533160cc9eae1eb75f99dbf057aae987a58158afaaa8e3564d04542dc31e3d1b8c1b777d89e2599f529c4de52c,True,1760932511.115396,,False,4.8125,False,False
two-way,268,b8cc2f29375f3f4ed9b3eb9b712c9fc3,e665479518e16a240597c2f0a6cd30ff,1a78a2e08be40beec08eec7e2a14ae0634dee899a36a87b1cf4a480622fcf6d99bd07620a09c725b112aa8eaaaefacd2,6e5fd9a39b56656e8092e310f6760a7bb0553b58cb2e9d31d1ee678a8e51ffb7cba790905bf32546461ed39abf66f685685496a66dc351b7f417c45fd17a100a,True,1760932511.1614792,,False,5.0,False,False
two-way,270,7ca6c44628293afe87366564541311f4,d0e38fbe7b53c326b459aa298d45a68d,399ee6f613bee61d27cdf52709beb49c3f38ed18988c7bfbcf3929bd31f409dfdf739b786379e95b9526897f4f368b7a,5455dab5f335d68bce165bf84704de185b35dc28395e8a75bb72593d380ee3ad140a773e6e086136a40bd66162f65b9222ce31fd643ac311169a561020a11c57,True,1760932511.2339318,,False,4.8125,False,False
two-way,272,16508e836819d68297156ffdb3c648d2,0d58542fdf84ecb2f4fc9752e6e36a9b,24c67ff7a38bc5c693064bc4fd233b7b0b8de444860d0f1bd8e5b758ec5bcff629f5c2c46c61b1d8179a20627f3fc313,93ecffe6f865faf9f36a25dc11a596a3e44909e16f943dec73cfa66623d680f2b3007d44731574ef6ae5e845121055fd0a3dac224b36b8bbb435b867bbaf97ae,True,1760932511.305921,,False,4.9375,False,False
two-way,273,9fd4a9f1f1449633610f7b4957411d36,69c3444746f3fc670bc817900d076986,f23a9c9272068ae0b4a0da220b2dc9a085c03d047e0112bb2b69a80d4a947e9492023b70c1f8a83378d9a659cc20f976,261565efb59eea85aa32ddb8990dd4ffc0cba3a080115bce3b5e6d7b11bb2c12788f3de46f8b1aa962a9ed914d74abd34a52f308832cde7acfe2da51b73c9a8f,True,1760932511.3525193,,False,4.8125,False,False
two-way,275,432e8af5df9d9ec3e8a29c2554626f39,431c0c75bac5beb9525876e998565852,5f45fb7cf6d52a8e997660d98e0a851dda641514eb9fa5005f350e66a32d6a468380a7c28c01013d2fdc0689f354ad57,e5658b1dc7ead8b619f240d74749cf4416d11cc4f6fdb548e82a0a600b672072fe3efd8a7db17896c2095d2e48abf128138120b9370721b3895519fa75342d0a,True,1760932511.424582,,False,4.8125,False,False
two-way,280,7ded1d41a6f56eb87f9b36b902a54eff,1bd659d9ba28c737cfbb15de22f11c21,fb9cc26c3e8323669f4921e5ac38309c852759499107e4c752c6b81c95b799540ac8d164703ab890dfa0561d2515bc33,05bbd02be16d72c94a7f8c93647c3883fee1c52909094c36b34bb90b3240ad7c08690a828d617112e5603837cc1e9d2bc21a70b028a6dc60a73fbe411a20d94f,True,1760932511.5957153,,True,5.0,False,True
two-way,281,ff12bc99d46d85bd7e789dbb3c8c94cd,28616962fddb22fefe96b74497e7d35b,18eb70991bd5fc21501a3e3ba3b890a2e2b0e222c1666c907f1fde4bcf03a3ad9ba879afcb9cb000f730435ab995b071,14f176c969e2baf6f51d72f9aba6dfc2c86181e6b7fd935ae9d70beade7d7aefe844ad6b7a9399992d0fa990e06c884a0b45dadbca0171cc73bc67c4ffed6629,True,1760932511.641804,,True,4.9375,False,True
two-way,283,8dbba53d707e94daad37ff4ec5375a34,3b3c4d785822a04ab082318b5cee1207,a36d06fffac9259944b0f7d93a27927de4c9829b267568eb05d1f0bcf5dfedb2aa64e781c4cb66d91738cdc7580bf79c,e0936d4ad40fab295380bb18b7559d466ed1b7c093495265f53a2eb4c7ade177f67ccd0c90f8f9aaf14e8e01f2065d0216ee0b27ecbfae106d78d8975730a4fc,True,1760932511.7151945,,False,4.9375,False,False
two-way,284,80114fcb27da5bcfadbc6b2b71ff6785,cb84356447a9a77e7177bda08a14f5e9,4e98456e14d8a2d49c9d14c65d6d9de65726efe4c1e27f2d88ed2d80eb2ffe68eea48f7ad0658d6bcb986f049583c2e2,ca1c2773852eaa25193f4fa57d5f7c171da8921672d15c3bfdb4e08f6af5ac308188cb13996c4ab604c9ee0a0642877b0a068edfe835eb87ca29b97ca9108498,True,1760932511.7609286,,False,4.875,False,False
two-way,289,f1a9297f90286ca99368cfba3eab57de,ecb0860105b73fd379641b8cf33389a5,7b7ac1856260dccee88485b6021937467d2d3fe0d57df30aabdb42e6725839c4333f4dc79a194969a7d4bcdd63e42032,07e028597147f2d1821c823ca762be5c2fbc9728fd2900085353b4853c37fdf6ff5cb84003def05dfd28eca8c1792ccd83ff134c9e2fa17f0577f6459ed332b9,True,1760932511.9113207,,False,4.9375,False,False
two-way,290,9cb1d1d79743ace90f6de5f5b28f80d5,c5a6aecd87da8cadc7b592920289b702,85b54e9c5978d4eccf07f91f3182ba9df5e2fa4f372919beba993606a8c1cf082cab8310be2fde842815a78671598109,f3ec5b8d2efc26468e11d2cded4fc9eef8b1c9236c2280b43e28694f0cb881ae0f0528a4b6f7a57ef899be9a0c112b6f4b15fe2e72d73be0b278dc020dcb70c0,True,1760932511.9580035,,False,4.875,False,False
two-way,291,74cbb17876d3ee1943149909e08eedd0,9860b7db00a46a2ce97791b19e0051fb,82d62556913525d6810c1498c455b861c863d31bba4af34f9108e8fda22295adee069e155e617db964ba802163b035b0,e4db785a2c7359481dd8962d4cc3a26ffa41611e987925c657dc6f68682d9cdeac7346802c791835a34996fe2db54897f20a38ea7b9c5446d64e22abbee958f3,True,1760932512.0042005,,False,4.875,False,False
two-way,294,ccfd92f20e25a5a3a3ee223f7e897c36,0b61a23d5cb95df12f5016fcf61e3761,5a343fae3934d20842e260fb8ac1838689c5aeb45ffc29a2f3b3aa50108918be8f335f178dcfbf2c9c953de478ed2c7b,1757d697f1a8fc0b33eb4a7db6ddf3d9a2c1cb571f89e373684f0534df4e25e88e9f34f28df356b6beb3146a20f6eee4ac40295ad54d5736ac251f5779c9d28d,True,1760932512.1224844,,False,4.875,False,False
two-way,296,53a44c1483935c2abd3a0184167b9623,827d327edb37f5dec3d650d1439b92f8,5eae15e85e66c1a898ad1fbf07224545ff3247da72ee0b5a400f4be2aa91e80c29c8e84744c7c91c65198f23ff222330,08b01e83dd5bb864f0045b6f5f61db6ec0b54d6d1ada4fcd476d9f7ac0a9c0499f4dcfb708f4644315b5035f72b54dd327debb13da359aa18aa289c95c81c85a,True,1760932512.1950998,,False,5.0,False,False
two-way,297,a5fcb7feaca71a93eb0780b5883b68b2,fce3b67bb5fd7d9100bd78ef0239f52f,9dafe1f3e87fe4c8b5708c991ff50cc870a505c6887ae0168d8b7f922fd1e0f0f0bfa2612b3be3122c5b22950171b968,b7b86037f025e628e98209d82e5d4878efbae9713dc8d79af478bccaec3eca34ebd4fd914bf1dd881780b879569e3077ad37019458e718da03b6e34cf6807e4b,True,1760932512.2412543,,False,4.875,False,False
two-way,301,203d7c4a5e7aaa755b060681a7cacef0,c02fa3a66580b63346f5df50e8c9c678,1ae0eeaeffbd6c00889111db65cd29332576ed9ed430db3536a41997c2b5b5215537f800e0a211b5e255ee567fe0f14a,0f6867c2e852914269cdd327f5fd96da37af51539335e49fc340f69f63ebe889639722220aa87f2e1a4b3942959f1aa5ad09f8e681d20355a6d2ac6364cc9702,True,1760932512.3716154,,False,4.9375,False,False
two-way,303,6aa641900be0bd7fbd530e18ec4c0126,46c34ec60687205877d2621ffefa7a63,e62aeb081a3cb590a4b68e384b6579d0005be203ee8c2676218c13cc739389da4c222e2b2a25f63de01589ee9b46eab6,6b27b56e4fe152ee751dd49e22a66086de81e3379874da9029456ef119b7feb877762decfa914987bf2cf7b51bd1b5ab9d31fd33213a1ab034cbff8e529685c1,True,1760932512.4444556,,False,4.9375,False,False
two-way,312,dca7ca6c96f13e8a2aa12366a871a70e,fb8c9e31c613d062a3a6b440586e3982,c377bf70de780773c2db0253f489e71bbdd06dd4116a34d7b2d11932285e8fd96371926670b72db48463b039b2664a7f,e381620c346f95b90faa48fca8bdb929e1657e8c22e48d2dd1f49cb054fbff3a82b89f4293b53d5dc3ea71570ed1f7727b92095409a8d606f11caf505b8dedaa,True,1760932512.7409728,,False,4.9375,False,False
two-way,314,e27a66e6b3b322ce9fd81add6c8c4d1b,4af747098d01298bbd4cb44ca9fde31a,413d5fd94a58b2f209e79f65c16b9075f5f9c9bda4cf20ca5a1b9b3f356b03047816785635a6d66632b75b2328c229a2,bd9ca3e9ab6451cf7bbbbd209497a4b275c7d99f944297ac9c2c95cdd0a6f7e9840c71b455bfacc432654cd404409b78b1d904d1c7319c10243355bdd2eb0162,True,1760932512.8138137,,False,4.8125,False,False
two-way,315,6a08aafcfdf1bbdcb2bdb3a7b9bd41de,04e9a3fea9a0911db15f48ea964e40db,75b68e8dff9cd47981ff11622426c8194c77b989318bebebbfbc5b0532657d1b4793bd3a35757b9a230be320864a0188,09693ac8849bd7e67823c55c07659875924bbbd0c941f61be5e4d20fb3b32d0ab5739e522da5d72d7485b2004cbd4d760452835f6c03c5999d756c88b9e7fb7e,True,1760932512.8598986,,False,4.9375,False,False
two-way,319,fd7b0f6bbe9356aba65adf6094a4abd7,690af0ede3b158f586824b0d80b3de1e,805e9129f01dec74e75a4173ffe736fa0e6a09be53714d8955da50866808bc191b3d181f38efbcb5446c10312f672586,6f5a2da2f66b9b62edf58c334744068f5ce3c6891cc55f200dc65bc3c84ccc671bf4b4578f656722e20de1e9ea8fe1dc3351434f9eb04c58016b314036b65e94,True,1760932512.9848075,,False,4.9375,False,False
two-way,320,bdbc90dd6cf98e682f38c442c58480d4,983e986fd4bb2934efcb727e5d8ec05d,76ace78ba5d76a9ded6862f3ce6f27f61a4689530b1698baeab1efc61ba1a1857d616f5c152dc49f4c57b42b58bebc93,dcdfef1bbeea81c6fda606f07453abfa6f92367425429745fc8b9b2748c05a5c134767692c894d3b8946cac45f2a45d2d7406826e0fa4d910a577d7a744251ce,True,1760932513.031214,,False,4.75,False,False
two-way,322,5d8067fc91fe5733fb30fba28fa89bb6,b0c23c10183a8b6e2cc0a8eb36c562d8,0e2672c6c7e6d56f8932a81302438ddf97ff7a5b4a6aba30b1d9ad583287d69354bd19c01524d3aec155d498c316400f,ac449c6c97210603276ee2d3fce4ddba17ff50439c82c2d3f53636a82caeb04f495b76a6c9f0c4cc934a46dfc57accc5a4d83fec5fa23fe055cd6615e893f26e,True,1760932513.103584,,False,4.875,False,False
two-way,324,96d1e4a0da961d4895a510f92b9018db,6ad813501babfc028b0aad02a879f341,2d7e67dee16edc823cf21c41e88acdbf5867fc489eb5474607ec7b33c216357f489290aaa6a5df92cde4097c853ed70a,e4edf3505cfa9d803c0353cc06461fb8e48b2a03cf8c7349ab5175888344003834d9b53025fca14abb576e2ea1537952cb1961bb089df3da8408d98a1a08e102,True,1760932513.1756237,,False,4.875,False,False
two-way,326,50958346f13008c66256e74941236d8d,679c02c6952ab220975471b0f0ef4b9e,46a07a2834d573559c50c5ba6dcff1e66474a3592280fea1f46ec15785ccdee7c09f407f516ae683dac45845b56887a3,b568a4445a3d50a0097dc3bb4f8301423d792910c2d5787960cb97191dd26db640fa61c8c9590cae796b28e8b171ba71f98b743e9648891b08ac59509e20d38e,True,1760932513.2484748,,False,4.875,False,False
two-way,328,c7c1a914262a437cd4acdd1f9bed6767,71f5da41fed1f0611c94ee16752f1f8d,953586ee9bac4620245319443d5e4d95a57e59c7d4a9496cafa7c91de84992287230d29bf19c0d83d8c40cacf49c41f5,84dd0b497bf27197b77dac1543399ee3b41dd6f95282f35c1104ece5737486bd43f66ea0c0931a98ac879845bf4754fd5ee51f63fb5857bc7603d7302bda03c6,True,1760932513.3213608,,False,4.875,False,False
two-way,331,8918ce7deb3743dfccf60147ffae58f9,62d2c103ccb2a056ea1422c148082529,c9061e87bd4fabd0a45f64be0a09ffa526e9b5ab48b8b0336b91cd830c174f1e570071ffcfc4757df9b31b6437538b49,d280922dcb3b49361ff704c5697862c8cd3d3204a7765893f9602c6867766c6b965c1716151cb28cbc59f37c86abff9dbb1940801affb5903588ecbe6aaa7585,True,1760932513.4199302,,False,4.875,False,False
two-way,332,5f2035cf8de1f87e9593ec8a2ecc7192,80e05fb432ca1d10380451c40bd3164a,a74242c778a88e5a55c7ce6d7fb886563f87ce89c03c4f2a2676d7ce32884dda505c9122f542dbf25d6ddda60f0ad16a,d165ea50b65cb8836497ef22a6087cdb09c082691f7ed033776e7f7b88e59734abc8824d426ccf40bba4211eca31115ab060199cfc0a28b83c4c762889120b1e,True,1760932513.4660616,,False,4.9375,False,False
two-way,339,adbed1e30116d92e69a7311ad0fda3af,a18e06c4e5bd980a74d512febee304b3,fbd7dd7a0c353d90d1a5324085e6e6389a44172d75582b4eae10aa50974d71ff8c3609ab638a470b737c4981f7c3cf05,908e45da8d53dc3858099b70ef4b30ac0a6a78127ad82d8f15c69c3f02dc09a0f00bf86e14790fdfa299a206afb09ce164dee9b75063739ee2dd3d801ee4edf0,True,1760932513.6902206,,False,4.875,False,False
two-way,341,112eef036d27cf4c2150c775baed6f6c,e6cc70aea046c9f32f80fe56ab2b2679,f9e09674602773890f9a3f8ca61afff1176314d1b1ba6a8817333eaa65fc5603f684b78cc159fe30bdde07721338f9d4,bba272be845e34639717cf5e19b7ed4520a043457f68ad072f99634a48f99a3a8dd6b074595c6d8d2a44fde3e79ed626ba7aaca945f6671702b0f439df3453f3,True,1760932513.7622316,,False,5.0,False,False
two-way,342,01c60685eb68137ecd786ab3825b55f7,64827a8eab6d8f3a84b1e314f96eb7b8,d2fbb236545923196fae42997ef8f44b2673d09dcc01bdff61aca65382e520ab69376cdbccb7c58c09e5544d198592a9,7d4d7b1f59f3eaeea2c458b15c961f32a089c35fa5dac5da49e2715f0475ef107b2d10ea9c47e35c84d2a2660616afd0ff6f6867bff331c7f51de5f250ce5aed,True,1760932513.8082573,,False,4.9375,False,False
two-way,343,604728fda9202d9316c2e3446a7df0ff,3b0f7512f182a043f91f924ff79f5e98,6ced28c7ecdba1a1e58cc010e284059fa5156c80bae1e646fb0755999b9e0d41aa86eec1dc6a0ab769ecf455e24b41f1,ff2a3ad879c7a390afc33cd89e014dc8f373e7c7cd7b920b9efc3e0610c5e5d97bc04db256e75aa645fd2c9e9a58a76644c9e0320d2c45700e7ffb30f53b9b67,True,1760932513.8544056,,False,5.0,False,False
two-way,345,7de7e4414bfc5c391028c2da3d7f81b7,210a4ea46fd6dd39535958851e022e20,811ea3819b25238c46fce014c9e2e2eb432fad68e2254f1fc3670b76291ca8bfc4f8fbdd8a16abcde5d37aa07181b52b,a62fa66d7ca6059e333fd01eea4d0c74eb52c1585df96486fbc73fd228c92892d3d5d2b251845daec41cc47782ee68cee52eac58f17bed78c856e79e4a34d84c,True,1760932513.9280214,,False,4.9375,False,False
two-way,346,4327988ce276f22f31fb4f8157965b3f,1760ef27fded29808db9dfdbf867e89f,ca2d69b6738d3c0b6dc25bb14fc80c6fa60b7d40ded2640115a5f05f75d51388a76d6ad2efb3a36ae6c93cc76900dfb4,aed2d71b9a5c10d904fd0a535bb7610ffd82ac583a79e0b47739f50bffc43919b8809da250f4a22868d5a0c66dd63f4a38e8ac104a47bb2756e21aecdfcff43c,True,1760932513.9744637,,False,4.9375,False,False
two-way,347,5f80dbebfdf665718c961c7afae670e7,3d19089c20411220abb90d6dce990668,fe139e07cf84d62253d248e72ba2d20e5b0fa956473727c33fbd96a1f27c9db87906559c578f609c51652252a805373c,f79d32a8c768e217cbcbff47622f6e9fd051b20375b975d534a025db34639411a9e76101e818f7683c746e779d85fca1d312c88174dd7782a67009ae45a40c5e,True,1760932514.0214956,,False,4.9375,False,False
two-way,349,25727ae4690d74ce29a96d0d9709aad1,b5a09a67d55365e000f62d85f7986c45,3e43a483da55bac56c1dd0026423ae639c7a862b2f61afb6a76302623337f2149d14e8b9f3e9a473055ebd0e816c3b86,480ee08cc983c1c114e46f3711a25e8be592bf0fa13e8b09068d821c8de5e533688fe18f8c546f8d75c37666c04325959513bae288149bdbe231f9c2e66b642c,True,1760932514.0938094,,False,4.9375,False,False
two-way,353,74770b2f1c3e2af046137d2ea4e572a6,2907b60ca6d98ddc86a9b29a88c43d1d,c71f5f850e48f5e47f3cfa6213c326bb594f9418c9689e8bfffafc51e4e96b78a29bc844cc478a58b555436876848070,7c8d062fe9f10b8231d5621eeea93ce4e69edf820ae8014ec17cdb3dcb00d9507f40519307964c3b6c1caa4f92a40b25c8b23bdda88f417ff76c545beebaba0d,True,1760932514.21807,,False,4.9375,False,False
two-way,354,ac248d7cb7171094791ba139007492b9,d8197cdf8ea8e49f29d888c4468727d0,bb67a6a64a68ab1fa52b64325806245a8cc25a8de81ffa8e8a8fb9b3e6ffc4a863bd506d973a6950c881dfccc7387573,7543637db843a86d458acbcd41b1f759114521a1fa28250733c7466b3ca894ea3ffbaf72925567aecaaab652a7327d713232047c98f280747b3e626c1041ea85,True,1760932514.264405,,True,4.875,False,True
two-way,355,b14a0a39a0b1b49c2e8714e24954edc6,8e80997e010a92b70648f9c8ba520ea2,95bac15cd9648cd682bb9c77e27a51ce8a51e2518e8e67ef406e6c8e190f0c56c23e4c4ab37b2c2d7e51ee17c317b0ac,a4c881010aec5cfe86a8adddc4ae2096bfcf958b9880044ae9a2d4d19302743f9625d537eb5a6c632339e0434bbf11cd76e2bda6101d98f9aaeb0b921b92844e,True,1760932514.310942,,False,4.875,False,False
two-way,362,e9cfeecad492348a02ba748a1964c655,46cb9afd56013c25b269a259e1cb4c46,ca3bf094b38cb12d2284393b3c729a0ce276ce1a6c314d8b52f8b809e8f510ac63bdaf0d6a18886d586ab3b88f576563,6b94052baec9bda23721d3b2e24ed5ba1f2499a25707d95f51f2ff1c32dbf54ea6d57786eb47908fb115f8ee78d19c34ef4463042071d08f8a3b78be408491f7,True,1760932514.535216,,False,4.8125,False,False
two-way,364,1f3a63ee5c437ac983a6635274fb6eda,31a8fc804f4a4c3a82d3c79d8e68659e,11f60166d27c2de466c1ffb45e1282f2e112cbf0d6d21321f1d803a107b08f9178386539a0e3bbdae0ebf251e40f10e8,9bb9583a5b88ce86013fead029cfe950965c98b8c531b7c7f148d5160e5ca201c11bfcb671aa6a880814ec2e7b58a90eb4fdeb2257e38df0d92cb5f28ec5a49f,True,1760932514.6072035,,False,4.875,False,False
two-way,367,e95f32383c118842e133f335d17298ae,d73dbfcc5d36576cc0d83ad1e885dcdd,bdd2e13b96d68f0669406dcf31c33088aab78367ab5d93ffd5aba241028b003d70d8aafa4995169deb01a3400fc66fea,955f9a4a483aa6447c5a0576cbc164c49960e7aaa37f3a7ba1b122c81f8603fbf4d7f2ccd201e0be95c1da00634e047f419a8f4eb892d203513ad0bd40518910,True,1760932514.72621,,False,4.9375,False,False
two-way,368,d379c520b1ee5738b1d3902929b661f1,dbd0769d72c1777e1deb31506cd35b83,b9246789a0a5b837a807727221f081e7bece87c678fa7e0e0f948c76a1832bd7a18be48e8382e3af53458beb3aa26b3b,1381bf46c2fbe24faaade9dcb5785727d43e6ef00fd1fb5b83d46304ae5e508c96ab554997f2f353cc41b014c8d7c9a04d0abdc809ecf67aee0cb1435a54b0a2,True,1760932514.772503,,False,4.726409765557392,False,False
two-way,369,da9f9489be3db29ca30931da862bfc89,69ced930f09585451996e23dbbdb1f66,3a235f690343212fae67cf386fe487bc87595fc859f0e5150cce6694b1dc0bdfb8f5383d1af83c4c8ae2d3a663b6d4ab,90cd152c4ffca142c820d93718b71ff87d10f208d2d46fd9637ce35b796283f74f813315b17b2d7f92def5910414dd4ca74d4b34203c5f9e567505d7cd07ef66,True,1760932514.8190732,,False,4.8125,False,False
two-way,372,d67dc45d72d6ccb9d988266ac65b164d,99d94d86f5feb35a8cbaeef662ca4ab2,c5a38300676d13f74ecd937672da8540cd47cecad1e8ff0d8b30fb80391a2a2040852c58e0c68d61fd37e764ae83a0ee,1644673d642c247752d3bcc0406395bdc68375429bc04d1615343024bd6bb14e9f38848e356284284d7fcae5c418ac9a0acd0b5ad4d62b644a5f248ff8c8f355,True,1760932514.918985,,False,4.8125,False,False
two-way,375,7db341d923d233264e920c42167f95df,a17c3ce4be64bfd3e2eb7ec067db3894,1de48df0ea3e10cb1d3e2d2cca4ea992322f70fba77b2177fe4daaeaa814e8a72fb9caf9720a557829977da8c6c68611,605da758ed801e38e7cf9cfa1a4a45066568f24b2355735172feae01ceb35f787c84fb25fb0d201b9ae93f806c3633227adae57bf1664ecc3540118f28290670,True,1760932515.0173771,,True,5.0,False,True
two-way,376,4d7763c3f58eca4ec8a175ec8babb570,7ceeed58419607f466886c84ca494607,bac4a9c41ecd01c8a554f5254045902fb784e492d493a969e05d609dd3fdafbaf9f39fc407efc0f8e1fd462cf60a8957,9c86f6e1e093af39a2f943ffc6510b71d70b5f194c29080a81c23f4fe5ad53ea253455801e16acf324a748ee68193b2e8f5bae3b6e75ebc99580ca661303b49a,True,1760932515.0635052,,False,4.875,False,False
two-way,378,802533b0dbad2c3cb6649f9f1687733a,6a0e938d95df0b888b7f43dd84b30ae1,250850730506aee794785534a95b8f9a7d1c0ecde8204b97ef5a408fd84683f1dd54e01d69e7f2ad73189e5ee7010c13,09031d4ab415e4287243d8f4363545aeeb390ec6ba930d1b7c269ae2013efbc92f76c9217222bcea439c08b8572827aa478b208aa3f1ee1f9cdccc672149e63f,True,1760932515.1361816,,False,4.9375,False,False
two-way,384,73d061bf1f24c5b0755e649e332d6a93,e989cd9a081bfeb0b697979c12cf8cb7,ea6cd3594cf457dfe28262a743d92a43b3890f655980523d934ec48d36816fd896e0339b49ab6a519864b451168ea2d1,ef4ad107a4440fb17b15c9b03c9ccec73b724b2c681c59d88559adf3778f89e0360aa6b93d3b830ba9ded1b761a79d4438ec444b75f123fba97c47edb66886db,True,1760932515.3149934,,False,4.875,False,False
two-way,388,d168d356ab3d25fe24da9038711de09f,c81566edca97bf04dbb6f9ed61120ad1,c61cf50dadea5fabeb454f6ca08a33199338d64aa6c060d622d1b2d7481dc489dc1d6c1eb5cc5b60026a7abee884daa5,babf738df251d7a090b4f785fb97f7969d489f76829629dcc0f0d0b0a6a89c2d3830f033fc20acddc2333bd14fc7bb245fddffedaafb699dc0fa5d09d7045d4c,True,1760932515.4407701,,False,4.875,False,False
two-way,393,9180b523a269af4d666940ae69dfaa05,107bb384e4466bfcc99e30fc19b048a9,dfeeae29e7c30db8bb0e5a391e729d029a9e2e4d7b91b19cc7eba63dfe2f1f816cd8491185456d9611359f6f51ded36a,457faf01296659293f250fffe080a547bb3967720e5ca153193af5cf8e9368d91b661473e1a147146ab6fd0fd5bd18c5416f99f081b3ff16d728ea41d2767e67,True,1760932515.6121495,,False,4.788909765557392,False,False
two-way,395,70e00d978bc466367b0c6f95f502bb1f,24b0a27e452c964e97bea2f73cf5f4b1,38521e80ba5c313b7081a7093e31aa347af9a7767aca21986f890d31c00a21c677f3fd6cc1b86631c4573843fdb1a97b,c3f5811c332de5b0da2f4814aefd1579b7a4b314bfe4d1cbe589c391cf49acbb1cfdc6dec3bd3af3d5369e4a900157f3f36e4d1df56e2ce3e7cee92bc36f6aff,True,1760932515.684932,,False,4.8125,False,False
two-way,397,06d67ed310f713e4314f4ec78be8cb5f,16f958bdacf3c44e4d80eae66bc959b2,36d96ab88d7bbb3a5dd3d6783aad3b2b7209276dfe1d4f34d7105e46200333f5cac0ef7dec87517f88b6b6f89e4c3843,0737253d83b1a5399be20ebe6eac510d8e2a3c03f1dd7c5b01b6e4d100e06e4bf3667b1d566c87481f1f3b30cd0d67bce24293dad5b07c660c194dd5dc3d1db2,True,1760932515.7573614,,False,4.9375,False,False
two-way,399,dbc3eccf97fb18903246417c81aa116c,70fb146c67934ce1602b45ccd2850b49,58fe0bec33ff347cbd63336eae4288bc9b38b5fef9f6a29c2a0f05535832ff269a7471751b302b85055441b662c36ad3,014df7391b4339c2b7490ef16dfc4a797a2eecccca2a502ee61cbb677f67b89e6606ff7690d115ddd2d6fe661718f1267c38b3491fba808f2622886124a8e30e,True,1760932515.8297234,,False,4.875,False,False
two-way,400,2dc739459e5cc7c42637d2cbb3b09beb,755b1adcae65edcd31741fc309202918,3a5d21b260841bd003eb4696574df02b530a34e639198613eb7da2f8e6a93e81c4ca5297b330cd1004d2e3fe0892c9ad,bdb3a28ed49b8801aa158c48227a74cc550419063f890464027d0ef99668437fad4529daf57505e972775228cc0e6e040f8331a85e4a815569c3e1b79a65a705,True,1760932515.8759375,,False,4.9375,False,False
two-way,402,e5a623f80c456b60c32de4db1569d352,2a3903f5e014e7e7a701eb0f5415aa43,0d9b51d69569f7ab1d27d062665b2478d05b71a01896328a53847491697c470a75267ebfdb31d99331d5c3df6387cbbc,4652e0d15032642b056a54357bfcba0f4206d73339db548e1fbc45704bdf9d40ce38cb52cbe3b3c48d715a8fb52651e1f3e49b15fa0e4c37853b431bbd60e9fc,True,1760932515.9537253,,False,4.875,False,False
two-way,406,602d5a91cded31c48d99f65744cc4dbf,9ef4d9acbe84f64ea259adedd6b9b9bb,5829f3a0d74d0e16c83ba37a639c043a4594efe60de7b48da789eab1ac96181b76ccfd61cc285117395b29609f5ff28d,4c0b590ecb2d6d0d99600361b0a13c7771d8ae40d3b25e49ad5cc58a15b461d4a0f8c1a84884061420e486216e931fd03447344e2cd71e84a5b82ab321e9e3e5,True,1760932516.0785613,,False,4.8125,False,False
two-way,408,04d466aa18122c4ecff7e9fedf5e2278,356d740980fbf3844f9085253896869e,f5038c72faa973156b322d31dec2033fa1e7e97e01984cddbf98a76ca22eabe9f6e7b5b43255921d87d48de09d52e5dc,6e1c4028720d42c15fdb05a0ff108e3b1fdfc1e56521e9755053ff975029d482bbd66adc4ab2839a2bcf540e558deef096329da47e22f055ad14857085facda1,True,1760932516.1706624,,False,5.0,False,False
two-way,411,0adf1f90a1dc245df0625a7543890584,4952b12961f22c26a61151a9934a2e67,6c72e7b9c83aaa3da133cddfb42b7c47fce46276d872bff67ad65cfc90f674fe255d8e269588c89d1312f50c64ba4e63,ffff7003cb777c58b8a326fbd3799820495e8a1509e81e084e496d3518d2d81c7c7d5a42ed3cf682f67ac46951e230da963ae1d1424078707c9c458cf9970033,True,1760932516.2698438,,True,5.0,False,True
two-way,412,ade847eca54b1c27498c2f12b859c8d0,c7f7c34b546f78b1f7c11c913484ce4b,5677e0b78078110e573cb2a279b1861b1a2004cb80426d4076c41619a9add11a658cf7f886326824bd1722a8123fbe74,b836d8bdaccf56be0aa74119df6db5c2e912f61fe1ec588e932fb0591ad0c15608616c45cd3784835eb3fcf2299ecb9659b1d7f8d9a1f52fe89394191b1fd605,True,1760932516.3164558,,False,4.726409765557392,False,False
two-way,420,3055cd845a56167a983e1fcad0665f54,05895f5d4b32f560a91ade86ed81a555,19886e652ea0a237a69b8c28b5306812b5a9bc3369ea56e71b40b6ce8fd50aad6a4bae0f739da064357b62b291415119,8b9276c3e2fb3cd96606dfc9d5330e4fc45b3dd2d6ad95200ce819fdf29d4fe58a9c557c6b9cf723fa43338fbc85a70d2652092c72316c0ff28460d126b0053b,True,1760932516.5865355,,False,4.875,False,False
two-way,423,db3a9b6d22172d3b846a2e8e4bea691d,4a7c7ad99730327354091d6c6d0af84a,a8e9899cc6fb36aecbbeef49192b8a312aef69c69ad0b1602538db8201d59ce87edc1880ec380fdd6e7264107ddc8da2,38dc5256c6900d4ac74d755be80261f26306f75196fd5d38b06f56faae6eef93004052c6decdac91b3e1412d7d95f7903b397eabb79324c5d8bd18d615ec8937,True,1760932516.6855714,,False,4.8125,False,False
two-way,424,103ab98a639d3f980a2e82d2064ebefe,168a94978569a1ed4a56530875ab5eac,09bb0c571dc42da4bf1b33ab99d70686cf84b6d271b05e171c070109d45b64728f35afd42b3132200bdab5ba2b1fcc24,9311a95558496bc79ff7f9096f37b74825f48addcebfcf315706b339f24ae8bbd4d4b5121374e97114fb0e5461d169d7689cee3ee6665b96bdc5b3de304bc96a,True,1760932516.7322066,,False,4.9375,False,False
two-way,427,f17cc0ff623566c2ca695795190b57d9,b44ef542b447552b65c16836a18a8fae,b07a064d11c4d36d54f4df5511a5b34874ccfdc7baf09b407bf867453f6403fa7a313a8352b5dacad5175ccea1736cf2,732014e9bde04e747805bea252f21728407c2f75230e759a57ad3ee72027480a5170e8083bd37e72d3d9b0d0ba90f2ce12487d02b91a77abc1ce06b53fb94565,True,1760932516.8304925,,True,4.875,False,True
two-way,429,21395e02393d778004ac4bb3b94c2184,c2c34b93f5aebedbe7652f028dc242e0,9463e1c6af08ef44eca71dc2fbee630f554f31547456cbc64b47d1fadd5f4e54d98459c169671d33e9f643211809b747,977038119367cf6bd0eac931a85203026e5b98534ae9d3c187a25adbe48818ede5abefc1958584245f5fa56cf6f7351a07b4c318772052cda3ea8114d1d59f3b,True,1760932516.9033577,,False,4.6875,False,False
two-way,430,51d89a21e61a3184b2516f63a1beca69,107a79847f05d48b4bcecced1819a46a,f2852c40586f9a82438f6e9d12db385785498e8a8334a5ad6122e98fbe50dba97babed1b6b8097dae1d06b6e082cc32c,5e33c1cd93bb0a454eb9896fe4afc137b2f4ec34b359fa3b83adc9b6001d92f2d14ae3e56123a5c1cd70317293e6d7b70a22cb28641c2ec865eed525b4ff0693,True,1760932516.9496615,,False,4.875,False,False
two-way,433,d6c4dada7a52061761f605ee2bac3831,9f708f05c35d04deb74629e675997ad3,7a98affc49a5b720a636dc5af3dc1c41c7d1cbabf85d3c6d8ba3f567aa6de0a37b8c86054e48fa55529951fd08294181,dd93521647e7881a65e360c732c64626c39adf2806fae33040f8889b4144ee7fe60f7b93e101249200cc5e3a0dcfd57cf90cb4f0a37112b284a3702070016933,True,1760932517.0474298,,False,4.8125,False,False
two-way,434,f6763ecd2da3cfb4a3948bd7a456244b,9ab12c3e79bbf45fecda2f0ba5c9913a,ba8bca4f3d6e608f9fa44de4094a424672445daab0dbbe94406c8b2afeb6007d766114008d47018d50d7f5da4a046de3,27af026e59616a5d5bec6781275022605266c604d175089807a1ea51844cbf10f8f63693d647f190e7225fe91298fcc63d387413569a13481b22862bf0927102,True,1760932517.093154,,False,4.875,False,False
two-way,437,92f9f23b0ff0ae7bfffd165296b26471,b463f183b2e529267b6de84840f2bb0b,d89c5af0f833f9c16d31f263b2a64a6156ef0ba2788c84730ad493b19ae0932475ec7e8f9a846ae6b2455527308fdc5d,e09a782c353a30583ca5a305fa3aed47f8e50a1aac5d7d217dd8e4b88028465aa84dda2bf8f6520f212fd144c98652225d220703fec0d35e0f7a077313d12fc9,True,1760932517.2113173,,True,4.8125,False,True
two-way,438,f0ff9f676bac755db88dd98f7be83679,23378c822753211a356b75512294fb43,24c46abd94eed4c4bf9730f94ea1579eed88a4cd6f26743c44fb73dbb921b8619ab397c59117147cc01310d0d493cca1,0f9257043b83f23e75bbace51479d8be30a4f0b09e338717e926e3a9455f8067c641864e9c4b8c8f4cac9c0295cd510c5f1f0baea414f79614183342cce410ed,True,1760932517.2572594,,False,4.875,False,False
two-way,439,512fcffedcc32fd47324d22d9c989b44,49637c502242ca0b99f589d487735882,253a32501544aff2516624696f21d491409c79780990fd111a463415aa52cd8971710d2a212aea758ad1c4f01f1eff59,9a651124778230a41412e318577b6c299275dbd4de47a73470cc90ec5fe71cb644d3def39e8b172506a1f18d8050031de3b8b2d88c95fae19974c096eff0dadd,True,1760932517.303668,,False,4.8125,False,False
two-way,440,84ad2aa566033be32a2d2f0171757555,fca2302fbcaf430ba31f8340839f1d57,f18af1e254cce425eed3eb2297f40ae114ee0db7ae7c1ca89983bf15ea6cccbf6dbd1d9b78a3ff85cc0070bfe5a957a3,7b506594386646d73dfb5d74be986d11a2d7b538b23895da5754e16e4392ab5ca68cfcd369de246bba6677ddbc9a1f31e88bc6103e10f65a4971551de3c3cdb7,True,1760932517.3498654,,False,4.75,False,False
two-way,442,132e9ce95a9c740436413f0af68a4986,6621fcf7f97f19075ec2b6870a05b230,163de8a428b9fbd1d9e53ae9925f3a6bfd7c843ff4d83b5ce8dea9335ae63d563d5727e4196a88bda932dd1ca0851cf4,3f9a67898f6034d7bf4002359be5a2e18c43f99afcfc46143d86ade5a526eab8dbff3699baca3eb3048f627dff60de0350f97e97a3d680005066475014b3772b,True,1760932517.4226394,,False,4.875,False,False
two-way,444,ab37b5e79c818a97c6828d94a762d89f,7957871bc4353bef596366858fb0b095,1b501b8b6c6daaa3dac5722c9db770b46124bdeca3f624a5147216b0fa0ee2a29c455f65d9d51e82215112b3e4e639a0,7edab96b17fa7d15fd3d95dc3d6d51fadb5908f9502cd87cd6e5b38bf627be113921149a8535919e454598df7001b518d730862d204cf25bf17c72de0a2cd439,True,1760932517.4950752,,False,4.9375,False,False
two-way,445,b945900f0810ef50508ebf93b4f2bc2c,42b0f583bd766338c807189ed1d3562b,7a083048a2896776f3b50a0152b3083e05a15c993a70f0d1554a315967846f97c69be7624d610cc3ff8447b1309e3dc6,c3a083b49f164ced008b46a63111173cd7965fe594d61ca3d44f35224094cfcc4bec6acbea7e2bffb1595a89905e6c9b23f14dfc32ece7957ed3b97262f74175,True,1760932517.5410388,,False,4.9375,False,False
two-way,446,b4f63bab19d8877185d9de784d58701a,3f496b0b45a1623a0fc0298e09cdd27b,02286ff4bd3cd4e17c5eaee8f5d9236e89202d79327cf3b4b07702df013395066d88e441f2558ded98153dd11091acde,e749bbb2bab7f6576d29671e299302eadf698ecf1ae6b66e6cae96d81e5bce6adaaae5185c200c964b8c79bbea836b0601fd6147bb30930178cffecd068249ec,True,1760932517.5877354,,True,5.0,False,True
two-way,449,90df06d255b9c353b77e5453e33a94f6,75df66994b2180de115da0907804f1bf,5c41673e3cbc9b234857fdb39ae7b1bec469fd5d4e354543664d06bedf92dd8c66edbe90d893d248ec20db40999740cd,45682b9bd1274a698bc4c26cf35f2af47ab7a81f3bff89925cde91509e8f6e9e00a29a716b01871e0d6fe57a304e6d7e66b33261f252e546d27553314fed121e,True,1760932517.6863897,,False,4.8125,False,False
two-way,450,2893e7f39d8b875c934da09e68bde931,719672898ce0afe122bcdcbc8e127b94,10f0bf2d2a0b9dd8244e0c21d40c22d35adcef25e42c9b4488b0ba3f5176a0d1c57fc369215ccc33b90a948ba34eed5b,97b683f5482676f8b9e2ca9b6b513570c34b6bda12825c5a99f779c07c6ae2997e4d613259d2213d6aa82f849cc2b3c36c0f657bcb6c000f44df839108705fa2,True,1760932517.732992,,False,4.875,False,False
two-way,451,56dd1f70c54ce34d43cbfe400e2e977e,aff36920e69a5951492cc5abd385e6d1,d471393beab884fb32af8232fe579f471529952516837a9214de38be06c8d4adaecb562057ab5b05b1bab8f880b4de63,11b3d2499b721d58483e0a432dae60cdd68689fe05e96a2ce7c8afa6871ccb24ed34c0b0ce3eeebd21e9e6cb2b6840593df6fd7bcd103620c16232f07aa225c3,True,1760932517.7795322,,False,4.875,False,False
two-way,452,71b952f144c49bf2e59915be82d3dbec,114e8e37da23fb93c48e469b9740b01d,a418ce176113a9edf761791317d5f6d72b85ce2509de4c932954091373d2314cc2b7af29acbea1901dbfee5961fed764,6a63cd99fd524c233b100db5bdeed9df5c4c7892fa5d00dea95389ce43273871b49f1fb44b2d5b78c450e13df421e4fa680cc9c6e86fd64a07fe523c968e1928,True,1760932517.825928,,False,4.8125,False,False
two-way,455,c6f6739b37ad1248da14b84f036159b7,7ddab04cd18ccb1c1a570389094ea0cd,4356e2f6728792f76eae4ef577de704bb80d9bbc615d569d18923f6d08c7685e44e925e7e786262bdf8a4114b732f623,a180f53f996376b55f3c607701de1dd858922b92919b7f25b239af98a8819511f80d62ac2f3595bc301e655c5a8f2dc7a59deefb4a5cf4a71226141e0fd65c0a,True,1760932517.9249105,,False,4.875,False,False
two-way,457,241f313a6ecec8b6eed1a6797a39c508,7dd82a0f6a51467a3b3373e70d9659b7,0559ce045d000aafe27bb054906f344b3c99a2f43e11f639ac028e16471cb868a83438b38a3343cd9ec8e4122c0b21dc,01284104ce1720f452a60c7043102ac8c800c2c048da2419b97d6d364188e6fc546f9d978f4c237aa6c488cb9429633391005dac66bd716ecbec6afacc2ec9d9,True,1760932517.997443,,False,4.9375,False,False
two-way,458,90fcaaa79053e138b449e02afc043462,9cfafa2e7dc793dd2d6e2a114521680a,c0bb49b08dff2d885da63a2a83e644cb87a0e4e846412209c18fef9917227862d182abb98013dee6edff356fc7b51f49,f3e5415d99bbca804cdbc86d880d1c87a56598cef81bde5a94f430ff1301a8bb1ecdaac727e6e671f880e837f6e6d624ca66d4397c6838d4e244261de2066849,True,1760932518.044128,,False,4.75,False,False
two-way,462,6d30128d1dfd631d6a761d5d31733cc6,0ac9a106cb1744929bec65406001d7df,4c590db0b47d27dab9e4bdea8f4f8c3c818dca2854224cc602a134a637cb6b0562f07dd2c6f572ac0a3552981e27cafb,dafd1422b3fbd9e3940c252cdbc68abad5cd0de9a4432b9de8487f422af3880c46fe9213412d889d459091168d83eb3d5ff85ec94094840eefcbfc3fe917af8f,True,1760932518.1693351,,False,4.851409765557392,False,False
two-way,464,e41565b6ab1bc3d404bf45c141bd7094,c010ff815b0bd19a47ff5c494ae31452,796c7b93f76e06d59e66ebded398317aa715ef2631a267a9adb0191d24b7255bdf42042987faaf6b2aa7d822f6dd02e4,47a37da9df1b5872c14aaef1a866b367ca59eaf911b42a8389cb78101e8fdff15c779c6590a92aef9c758fa0b10b569ada20df6c9e813d8254555eb7115fc1b0,True,1760932518.2423048,,False,4.9375,False,False
two-way,465,b4fbb354468b9abf80d1933ce5964e98,3dc2c25de4b36264ac186bfe625b7348,eb23b713e967b45cf9ee1b91a8861f5b89234eaf334c45f175d39df8289ea1ea44b0d231ba8846dcb25c81b3f2aaef8c,83d6413fc11523e2693b770ec2255c47b436452f6351a259aafcbe74bfe05a10093105a11446aecfe8762a2eb3d669ce51b552da750b09e935d361bb2357ca76,True,1760932518.2887387,,False,4.8125,False,False
two-way,466,5c4f7f1f378adb58b78df9dc4e8535e2,df9cfc3ad193aeb583733029e3b9f369,a035bd4b3de6e9fb376e5a3e47ac5248748a459bbd525dbe620a95a2b62d7a1e6354ca1385891e60882e45ff8a1a891a,c9833df52da49bdb03939fae0c7d58e3918b65b18270df017bbac2a98152de8756d489d19c46ffeb3c041cc1ad7763708b6090881dceeb5624939a760fc30b19,True,1760932518.335404,,True,5.0,False,True
two-way,467,14138b27a670592df4e9e29f55577df5,0a2fb543ee359a74ecb303a9b205505c,0f0bf67938e706fb04c33e8a6ce70e5419beed72bf94e4a4cefc18b4000a423d27eef443246a94f8495f172f6c8c59c9,bf75561bbe0e5b1b326dbb8e7440b22eced0924fc315755ac73ea1aaf03559d99d387ba18f3aaa4702ce5d9c28bcb8d4d7de31cc272cbcdcca137d22b7460972,True,1760932518.3816323,,False,5.0,False,False
two-way,468,aca70fe4e46960841e8ada83faa58724,0af8e2593ffc78fecc0c5b8e095ff000,1dab29b4eaeddf350fa1696a63c3699d6cb86da20fec3db8d2a3eaa5ad8470ec7c0de1fc36515d3ff965d34b9247e344,e260926f60565c27196b2da3d610d37264febae33ffce629a40539dd9f58c1bbe342bb751fc8cefde169e11d17cc88d31227fea4b0278d026f31ecf4108ff46d,True,1760932518.4278276,,False,4.9375,False,False
two-way,474,d40e7e4bed7876f54b29fb1b37f11db5,23e15bab750b6582bea07c5b060aa770,8a31c1c6114f7f2612dea422e9898eb9083b1fa0b0afee725812c11d7755c83d2c02d4fa542da9c21bf001f961d8387e,a8179e82364902a839e46fbd8d7139f8d9ddf7bde32973f29467fbcd8d273005d5afc74f52192faa04a4b99a80a6e2dd3a70ce40ccbc11f6df6dc3f6650aa72f,True,1760932518.6072056,,False,4.875,False,False
two-way,475,bad943a6f38c8644ba5f0351e06c8fd4,e95788635497be999acad8b121bd5ecd,e83d632e6be1b4f79894e0095161f25f3dac0bc3c7b6a3e7da36a64f08af439fece83a9222345cf7277da9e8817800e8,0a113f0cffb783c98093acd3a9eee260f35bfa363cd406a47f92371f9e3c6e9677e1fbf75b78df90a4710bae3966ee374c4da80e009bef7652dd045d8cc64623,True,1760932518.6535733,,True,4.9375,False,True
two-way,477,e07fd681ffba2e3c288c2a45222768ab,c76ea7285db2e4ef4b130efd4db42725,672a2b3e92b3129c490b97873035adcdfc67aa45bf0aa830e863d24af045b395d9d240e604eac3d1cd4daa50f1f0d781,2f01c3995729e5742923340ffa0b5825145574985175255982381dfda96d74a279906827ee395dbd94643546d413af72a77e447761d2f3ec15b7e06bb95195df,True,1760932518.7464962,,False,4.875,False,False
two-way,481,c702d86be12441925bfc12dac901757e,8ac23250bbbf5c19a2e69530f6b0a4bd,1cdbcf6e70980f5f117b82f3f38d07139f2039f4da04acc47747dede4a7d6a0bcbdf1f844eef97a87288b109660aa2f5,89e2899722b100c3b47459095b632b47e13748d18b6910ead317da1ea2b268c92ec1a5812c4892414e5f4c04c3571911dbf8bb153416ed19549affb4f5bb368b,True,1760932518.87112,,False,5.0,False,False
two-way,484,a9870bc0cd4adbb6f63a7d8aac74d5bd,16f86236beb7f0888bcff5a9cabe1c2d,b1e5dc61f11acf9bad624c08d9e83ef614aca1d880e1f40861ddf2b40b651a86ddea88eef43a5859eb34c4f7af0626c6,17abb62c526ac4df55dc1e18baaec6ff3e76c2f42d9fb0b451001c3d56b3a2049221ed42539bb073dfaef701daa5605b44ff552c989c217d61c13abb4ab377cf,True,1760932518.9908254,,False,4.875,False,False
two-way,486,20b0623fa27f6b424f33ff966a628419,74bb960a87587ab1ae6682e66b0a0c51,b77defc8af25c772bc72eada93099ea7e7de21cea21b78de27a62e21d9718c6d0b6d1a05e5334276c053a8afc7e536c3,4e7da5513004cc30e3c224579d18aebd652ab6b1ddae367297bb3190e0e79742a40c4c102f5c888e88c8f29e72a625fd0a5e86650241b406ebca30ad566084d6,True,1760932519.0633252,,True,4.75,False,True
two-way,487,5d25e7b5d15477ed6eb324919e9366a3,cf7be788ee03b5cc6974e194ccb80ea7,55f625a61c790cfd138dc85a69dcc169eab0ebce0466104df63a665995883b9c31bbdff8c82c0e9ee8a3b0009075997c,5db773203344cd84b746c3180d5fd3294c036cbeba59e3168c81a49eef1c2412a39ba8a8ce1b3ad59aa6f14cb6b68077c7016a18db3bc4eb3ea51ab6e8a02981,True,1760932519.1092627,,False,4.8125,False,False
two-way,491,dcd676122d4a6e5f900e73b636b1f3c1,7ebf8de7d49f23b8702c818b47172ec5,6c63cfef6635f0e84bcd0d0e5526ba4ec273f9e2876d33a7e285828df493d042e11d1577fa657eb6d6bc43b2ff29390e,36c78680f9762d8ed922de50f29cbd8d08e4455e9817328a1298a90d2522d7614bdd1ca35e54abc67279d0123705c27c4d0df6d8ee8ed986d8cbbb4948c7c39f,True,1760932519.234318,,False,5.0,False,False
two-way,492,e236a86a4428005b20bd457800cffab7,7fd75693ecabbe207eb20198328c0327,37acc9b258209da14e40cefef15aa2903737e66b732da9d334e7b1c262374f3d6baff82bcdda7d07caf0489452bda96d,40789daa3a00e354c8c133c30b45ca7b92a4f08648afd3979bee53229bdaeaaad338c5303aa29cefafa87ed163d24857b4e153fb06cbe38ae0205952fd69b5d4,True,1760932519.280813,,True,4.875,False,True
two-way,495,65cd4f821fa9631029117b6a85357a79,36f6ac2cb14dc2d49326e65f41c89e62,7e8502e8b549442103a6d8540706f5ba940cc3c0351678dd7c36fc21907af2e5c11e054b23a1ea619a17822a128c3c99,9aa7613cdf6b5f3d7ba07bdbcce036445068f866128978d594d3c87845fe536b222d7b880b0fd11c78af137142cd71153f28fc42497ae912965116e7f8ba9ca4,True,1760932519.3997657,,False,5.0,False,False
two-way,499,bf5dc779fe698cbc4c38cf4a3a610a42,7b2268d620ecad9e38a1349ba4d5bcd4,7bd6d8e27f333da61a262d1393113a19da5cdfe1c0ce65c53694ed714089c4451bb2fbaa83440a35a78d3aad66d4a730,43652cb3cb60234f1f46b59b9b6b2df9667407c6026c6432d3d8bcd02d320efe5dc29935bdbd7acc7e8bda1db5379adf3d259c5dc20c85e1d79a4950d23d7a7e,True,1760932519.5241508,,False,4.875,False,False
